Workbook

Sheet README
A1: PinHunt set-first catalogue workbook
A2: Status: every seeded row is a RESEARCH CANDIDATE from public sources. Nothing here is verified or imported.
A3: Sets: one row per pin set / release (the unit we discover, check and approve). Formulas compute missing pins and completeness.
A4: Set_Members: one row per known pin slot in a set (found by research or from an official checklist). Missing slots can be added as rows with status 'missing'.
A5: Evidence: one row per source per set (official / news / fan; how it was accessed). Fan databases are discovery signals only.
A6: Coverage: release year x line counts, driven by formulas over Sets.
A7: Lookups: allowed values (drop-downs).
A8: Workflow: discovered -> evidenced (2+ independent sources or official) -> checked (person on official page / own photo) -> approved -> imported.
A9: Seed source: research/catalogue-engine/out/consolidated/staging_payload.json (404 sets, 871 pins).

Sheet Sets
A1: set_id | B1: set_name | C1: line / origin | D1: issuer | E1: release_date | F1: release_year | G1: family / programme | H1: sub_series | I1: format | J1: pins_per_pack | K1: has_chaser | L1: edition_type | M1: edition_size | N1: price | O1: currency | P1: product_code | Q1: expected_pins | R1: pins_found | S1: missing_pins | T1: completeness | U1: characters_found | V1: missing_characters (known) | W1: status | X1: confidence | Y1: primary_source_url | Z1: primary_source_class | AA1: second_source_url | AB1: independent_publishers | AC1: pinhunt_ids | AD1: reviewer | AE1: reviewed_at | AF1: notes | AG1: research_key
A2: PHS-0001 | B2: Disney Animated Cuties Mystery Pin Blind Pack – 2-Pc. | C2: Animated Cuties | D2: Disney Store | E2: 2026-01 | F2: 2026 | I2: mystery blind box, 2 random pins | J2: 2 | L2: open edition | N2: 22.99 | O2: USD | P2: US: 438030741301 | Asia/EU: 438030755384 | Q2: 8 | R2: 8 | S2: =IF(Q2="","",MAX(Q2-R2,0)) | T2: =IF(Q2="","",MIN(R2/Q2,1)) | U2: Aladdin; Alice; Esmeralda; Esmerelda; Jim Hawkins; Megara; Peter Pan; Pinocchio; Tinker Bell | W2: evidenced | X2: Medium | Y2: https://www.disneystore.asia/my/disney-animated-cuties-mystery-2-piece-pin-blind-pack-438030755384.html | Z2: official | AA2: https://www.disneystore.com/disney-animated-cuties-mystery-pin-blind-pack-2-pc.-438030741301.html | AB2: 8 | AG2: animated-cuties/series-1
A3: PHS-0002 | B3: Animated Cuties Series 2 Mystery Pin Set | C3: Animated Cuties | E3: 2026-10 | F3: 2026 | H3: Series 2 | J3: 2 | L3: open edition | N3: 22.99 | O3: USD | Q3: 8 | R3: 8 | S3: =IF(Q3="","",MAX(Q3-R3,0)) | T3: =IF(Q3="","",MIN(R3/Q3,1)) | U3: Ariel; Flynn Rider; Hercules; Kuzco; Li Shang; Maleficent; Sally; Vanellope | W3: evidenced | X3: Low | Y3: https://disneypinsblog.com/blogs/news/animated-cuties-series-2-mystery-pin-set-at-disney-parks | Z3: secondary | AA3: https://www.threads.com/@disneypinsblog/post/DeS8m9FjKzi/new-animated-cuties-series-mystery-pin-set-at-disney-parks-open-edition-and-the/ | AB3: 2 | AG3: animated-cuties/series-2
A4: PHS-0003 | B4: limited edition | C4: Brush Of Magic | H4: Limited Edition singles | I4: pin-on-pin: full-colour cloisonne top layer over laser-printed sketch on 'pegged animation paper', 3D Mickey glove with brushes | L4: limited edition | N4: 24.99 | O4: USD | R4: 18 | S4: =IF(Q4="","",MAX(Q4-R4,0)) | T4: =IF(Q4="","",MIN(R4/Q4,1)) | U4: Aladdin; Ariel; Bambi; Belle; Captain Hook; Cinderella; Darkwing Duck; Donald Duck; Dumbo; Gadget Hackwrench; Genie; Grumpy; Hades; Hercules; Maleficent; Marie; Mickey Mouse; Sorcerer Mickey | W4: evidenced (held) | X4: Unverified | Y4: https://www.disneystore.asia/hercules-limited-edition-pin-brush-of-magic-438010541600.html | Z4: official | AA4: https://www.disneystore.asia/maleficent-limited-edition-pin-sleeping-beauty-brush-of-magic-438010541112.html | AB4: 15 | AG4: brush-of-magic/limited-edition
A5: PHS-0004 | B5: Disney Brush of Magic Limited Release Mystery Pin Set | C5: Brush Of Magic | E5: 2026-03-03 | F5: 2026 | J5: 2 | L5: limited release | N5: 34.99 | O5: US: USD | UK: GBP | P5: US: 438010101590 | AU/UK: 438030648549 | Q5: 10 | R5: 10 | S5: =IF(Q5="","",MAX(Q5-R5,0)) | T5: =IF(Q5="","",MIN(R5/Q5,1)) | U5: Cheshire Cat; Dopey; Goofy; Oswald; Peter Pan; Pluto; Stitch; Tod; Todd; Ursula; Winnie; Winnie the Pooh | W5: evidenced (held) | X5: Medium | Y5: https://www.disneystore.co.uk/disney-brush-of-magic-limited-release-mystery-pin-set-438030648549.html | Z5: official | AA5: https://www.disneystore.com.au/disney-brush-of-magic-2-piece-mystery-pin-blind-pack-series-1-438030648549.html | AB5: 5 | AG5: brush-of-magic/mystery-series-1
A6: PHS-0005 | B6: Disney Brush of Magic Mystery Pin Blind Pack Series 2 - 2-Pc. - Limited Release | C6: Brush Of Magic | E6: 2026-06-16 | F6: 2026 | J6: 2 | L6: limited release | N6: 34.99 | O6: USD | P6: 438010243900 | Q6: 10 | R6: 10 | S6: =IF(Q6="","",MAX(Q6-R6,0)) | T6: =IF(Q6="","",MIN(R6/Q6,1)) | U6: Baloo; Chip; Dale; Jafar; Minnie Mouse; Pascal; Pegasus; Pinocchio; Pongo; Simba; Tigger | W6: evidenced (held) | X6: Low | Y6: https://disneypinsblog.com/brush-of-magic-series-2-mystery-pin-set-at-disney-store/ | Z6: secondary | AA6: https://www.dismerchandise.com/2026/06/16/disney-brush-of-magic-mystery-pin-blind-pack-series-2-2-pc-limited-release/ | AB6: 4 | AG6: brush-of-magic/mystery-series-2
A7: PHS-0006 | B7: Disney Brush of Magic Series 3 Limited Release Mystery Pin Set | C7: Brush Of Magic | E7: 2026-09-01 | F7: 2026 | J7: 2 | L7: limited release | N7: 34.99 | O7: US: USD | UK: GBP | P7: US: 438010809137 | Asia/UK: 438011184943 | Q7: 10 | R7: 10 | S7: =IF(Q7="","",MAX(Q7-R7,0)) | T7: =IF(Q7="","",MIN(R7/Q7,1)) | U7: Chernabog; Cruella de Vil; Daisy Duck; Dodger; Gaston; Louis; Megara; Mr. Toad; Powerline; Zazu | W7: evidenced | X7: Medium | Y7: https://www.disneystore.asia/my/disney-brush-of-magic-series-3-limited-release-mystery-pin-set-438011184943.html | Z7: official | AA7: https://www.disneystore.co.uk/disney-brush-of-magic-series-3-limited-release-mystery-pin-set-438011184943.html | AB7: 5 | AG7: brush-of-magic/mystery-series-3
A8: PHS-0007 | B8: Disney Classics London Pin Set | C8: Disney Classics London | D8: Disney Store | G8: Disney Classics | H8: London | I8: boxed/carded multi-pin set (non-mystery) | J8: 3 | N8: 20 | O8: GBP | P8: 438030541031 | Q8: 3 | R8: 3 | S8: =IF(Q8="","",MAX(Q8-R8,0)) | T8: =IF(Q8="","",MIN(R8/Q8,1)) | U8: Peter Pan; Stitch; Winnie the Pooh | W8: evidenced | X8: Medium | Y8: https://www.disneystore.co.uk/disney-classics-london-pin-set-438030541031.html | Z8: official | AB8: 1 | AG8: disney-classics-london/pin-set
A9: PHS-0008 | B9: Alice in Wonderland pins (March 2024) | C9: Disneyland Paris | E9: 2024-03-09 | F9: 2024 | R9: 4 | S9: =IF(Q9="","",MAX(Q9-R9,0)) | T9: =IF(Q9="","",MIN(R9/Q9,1)) | U9: Alice; Cheshire Cat; Mad Hatter; March Hare; White Rabbit | W9: evidenced | X9: Low | Y9: https://www.laughingplace.com/w/disney-parks/disneyland-paris-march-2024-pin-release-schedule/ | Z9: secondary | AA9: https://www.mousesteps.com/2024/02/28/disneyland-paris-march-2024-pin-release-schedule-revealed-including-stitch-and-tinker-bell-pins/ | AB9: 2 | AG9: dlp/2024/alice-in-wonderland-march-2024
A10: PHS-0009 | B10: Tinker Bell and Periwinkle jumbo LE (Symphony of Colours) | C10: Disneyland Paris | E10: 2024-03-23 | F10: 2024 | I10: jumbo | L10: limited edition | R10: 1 | S10: =IF(Q10="","",MAX(Q10-R10,0)) | T10: =IF(Q10="","",MIN(R10/Q10,1)) | U10: Periwinkle; Tinker Bell | W10: evidenced | X10: Low | Y10: https://www.laughingplace.com/w/disney-parks/disneyland-paris-march-2024-pin-release-schedule/ | Z10: secondary | AA10: https://www.mousesteps.com/2024/02/28/disneyland-paris-march-2024-pin-release-schedule-revealed-including-stitch-and-tinker-bell-pins/ | AB10: 2 | AG10: dlp/2024/tinker-bell-periwinkle-symphony-of-colours-jumbo
A11: PHS-0010 | B11: Flora, Fauna and Merryweather - Disneyland Paris birthday (April 12) | C11: Disneyland Paris | E11: 2024-04-12 | F11: 2024 | L11: limited edition | M11: 700 | Q11: 3 | R11: 3 | S11: =IF(Q11="","",MAX(Q11-R11,0)) | T11: =IF(Q11="","",MIN(R11/Q11,1)) | U11: Fauna; Flora; Merryweather | W11: evidenced | X11: Low | Y11: https://www.laughingplace.com/w/disney-parks/disneyland-paris-april-2024-pin-release-schedule/ | Z11: secondary | AA11: https://www.mousesteps.com/2024/03/27/disneyland-paris-releases-pin-trading-schedule-for-april-2024/ | AB11: 2 | AG11: dlp/2024/dlp-birthday-good-fairies-april-2024
A12: PHS-0011 | B12: Alice in Wonderland 2024 Pin Trading Event pins | C12: Disneyland Paris | E12: 2024-05-25 | F12: 2024 | I12: ticketed pin trading event release | R12: 5 | S12: =IF(Q12="","",MAX(Q12-R12,0)) | T12: =IF(Q12="","",MIN(R12/Q12,1)) | U12: Alice; Cheshire Cat; Mad Hatter; March Hare; Red Queen | W12: evidenced (held) | X12: Low | Y12: https://disneypinsblog.com/alice-in-wonderland-2024-pin-trading-event-at-disneyland-paris/ | Z12: secondary | AA12: https://www.mousesteps.com/2024/04/22/disneyland-paris-reveals-alice-in-wonderland-pins-for-pin-trading-event-on-may-25th-2024/ | AB12: 3 | AG12: dlp/2024/alice-in-wonderland-pin-trading-event-2024
A13: PHS-0012 | B13: Inside Out 2 pins | C13: Disneyland Paris | E13: 2024-06 | F13: 2024 | Q13: 4 | R13: 4 | S13: =IF(Q13="","",MAX(Q13-R13,0)) | T13: =IF(Q13="","",MIN(R13/Q13,1)) | U13: Anger; Ennui; Disgust; Envy; Fear; Embarrassment; Sadness; Anxiety; Joy | W13: evidenced | X13: Low | Y13: https://www.mousesteps.com/2024/05/27/disneyland-paris-pins-for-june-2024-revealed-including-disney-pride-and-inside-out-2/ | Z13: secondary | AA13: https://x.com/DLPReport/status/1795011556213772440 | AB13: 2 | AG13: dlp/2024/inside-out-2-june-2024
A14: PHS-0013 | B14: Toy Story Aliens pins | C14: Disneyland Paris | E14: 2024-06-08 | F14: 2024 | R14: 6 | S14: =IF(Q14="","",MAX(Q14-R14,0)) | T14: =IF(Q14="","",MIN(R14/Q14,1)) | U14: Alien; Buzz Lightyear; Carl Fredricksen; Russell; Edna Mode; Mr. Incredible; Anger; Sadness; Boo; Sulley; Jessie; Woody | W14: evidenced | X14: Low | Y14: https://www.mousesteps.com/2024/05/27/disneyland-paris-pins-for-june-2024-revealed-including-disney-pride-and-inside-out-2/ | Z14: secondary | AA14: https://x.com/DLPReport/status/1795011556213772440 | AB14: 2 | AG14: dlp/2024/toy-story-aliens-june-2024
A15: PHS-0014 | B15: Disney Princess pins (June 2024) | C15: Disneyland Paris | E15: 2024-06-15 | F15: 2024 | R15: 5 | S15: =IF(Q15="","",MAX(Q15-R15,0)) | T15: =IF(Q15="","",MIN(R15/Q15,1)) | U15: Aurora; Cinderella; Jasmine; Pocahontas; Snow White | W15: evidenced | X15: Low | Y15: https://www.mousesteps.com/2024/05/27/disneyland-paris-pins-for-june-2024-revealed-including-disney-pride-and-inside-out-2/ | Z15: secondary | AB15: 1 | AG15: dlp/2024/disney-princess-june-2024
A16: PHS-0015 | B16: Father's Day 2024 pin (Judy and Stu Hopps) | C16: Disneyland Paris | E16: 2024-06-16 | F16: 2024 | L16: limited edition | M16: 700 | Q16: 1 | R16: 1 | S16: =IF(Q16="","",MAX(Q16-R16,0)) | T16: =IF(Q16="","",MIN(R16/Q16,1)) | U16: Judy Hopps; Stu Hopps | W16: evidenced | X16: Low | Y16: https://www.mousesteps.com/2024/05/27/disneyland-paris-pins-for-june-2024-revealed-including-disney-pride-and-inside-out-2/ | Z16: secondary | AB16: 1 | AG16: dlp/2024/fathers-day-2024-judy-stu-hopps
A17: PHS-0016 | B17: Tinker Bell and King of Hearts pins (June 22) | C17: Disneyland Paris | E17: 2024-06-22 | F17: 2024 | R17: 2 | S17: =IF(Q17="","",MAX(Q17-R17,0)) | T17: =IF(Q17="","",MIN(R17/Q17,1)) | U17: King of Hearts; Tinker Bell | W17: evidenced | X17: Low | Y17: https://www.mousesteps.com/2024/05/27/disneyland-paris-pins-for-june-2024-revealed-including-disney-pride-and-inside-out-2/ | Z17: secondary | AB17: 1 | AG17: dlp/2024/tinker-bell-king-of-hearts-june-2024
A18: PHS-0017 | B18: 2024 summer sports merchandise - Mickey gold medal pin | C18: Disneyland Paris | E18: 2024-07 | F18: 2024 | Q18: 1 | R18: 1 | S18: =IF(Q18="","",MAX(Q18-R18,0)) | T18: =IF(Q18="","",MIN(R18/Q18,1)) | U18: Mickey Mouse | W18: evidenced | X18: Low | Y18: https://chipandco.com/summer-olympics-merchandise-disneyland-paris-570975/ | Z18: secondary | AA18: https://wdwnt.com/2024/07/2024-summer-olympics-merchandise-disney-paris/ | AB18: 2 | AG18: dlp/2024/summer-games-2024-gold-medal-mickey
A19: PHS-0018 | B19: Ratatouille pins (July 2024) | C19: Disneyland Paris | E19: 2024-07-10 | F19: 2024 | R19: 1 | S19: =IF(Q19="","",MAX(Q19-R19,0)) | T19: =IF(Q19="","",MIN(R19/Q19,1)) | U19: Chez Remy | W19: evidenced | X19: Low | Y19: https://www.mousesteps.com/2024/06/28/disneyland-paris-pin-release-schedule-for-july-2024-includes-aristocats-ratatouille-pins/ | Z19: secondary | AB19: 1 | AG19: dlp/2024/ratatouille-july-2024
A20: PHS-0019 | B20: March Hare LE 700 (July 2024) | C20: Disneyland Paris | E20: 2024-07-20 | F20: 2024 | L20: limited edition | M20: 700 | Q20: 1 | R20: 1 | S20: =IF(Q20="","",MAX(Q20-R20,0)) | T20: =IF(Q20="","",MIN(R20/Q20,1)) | U20: March Hare | W20: evidenced | X20: Low | Y20: https://www.mousesteps.com/2024/06/28/disneyland-paris-pin-release-schedule-for-july-2024-includes-aristocats-ratatouille-pins/ | Z20: secondary | AB20: 1 | AG20: dlp/2024/march-hare-le-700-july-2024
A21: PHS-0020 | B21: Beauty and the Beast pins and lanyard (August 10) | C21: Disneyland Paris | E21: 2024-08-10 | F21: 2024 | Q21: 4 | R21: 4 | S21: =IF(Q21="","",MAX(Q21-R21,0)) | T21: =IF(Q21="","",MIN(R21/Q21,1)) | U21: Belle; Cogsworth; Lumiere; Chip; Mrs. Potts | W21: evidenced | X21: Low | Y21: https://www.mousesteps.com/2024/07/29/disneyland-paris-august-2024-pins-feature-stitch-beauty-and-the-beast-and-more/ | Z21: secondary | AB21: 1 | AG21: dlp/2024/beauty-and-the-beast-august-2024
A22: PHS-0021 | B22: Characters with balloons (August 17) | C22: Disneyland Paris | E22: 2024-08-17 | F22: 2024 | R22: 4 | S22: =IF(Q22="","",MAX(Q22-R22,0)) | T22: =IF(Q22="","",MIN(R22/Q22,1)) | U22: Chip; Dale; Olaf; Pascal; Stitch | W22: evidenced | X22: Low | Y22: https://disneypinsblog.com/product/pascal-balloon-series-disneyland-paris-pin/ | Z22: secondary | AA22: https://www.mousesteps.com/2024/07/29/disneyland-paris-august-2024-pins-feature-stitch-beauty-and-the-beast-and-more/ | AB22: 2 | AG22: dlp/2024/balloons-august-2024
A23: PHS-0022 | B23: Pin Trading Time August 2024 surprise pins (The Emperor's New Groove) | C23: Disneyland Paris | E23: 2024-08-30 | F23: 2024 | L23: limited edition | M23: 400 | R23: 1 | S23: =IF(Q23="","",MAX(Q23-R23,0)) | T23: =IF(Q23="","",MIN(R23/Q23,1)) | U23: Kuzco | W23: evidenced | X23: Low | Y23: https://disneypinsblog.com/blogs/news/disneyland-paris-august-2024-pin-releases | Z23: secondary | AA23: https://disneypinsblog.com/blogs/news/disneyland-paris-august-2024-pin-trading-time-event-pin-releases | AB23: 3 | AG23: dlp/2024/pin-trading-time-august-2024-emperors-new-groove
A24: PHS-0023 | B24: Pin Trading Time August 2024 refresher pin (Miguel) | C24: Disneyland Paris | E24: 2024-08-30 | F24: 2024 | Q24: 1 | R24: 1 | S24: =IF(Q24="","",MAX(Q24-R24,0)) | T24: =IF(Q24="","",MIN(R24/Q24,1)) | U24: Miguel | W24: evidenced | X24: Low | Y24: https://disneypinsblog.com/blogs/news/disneyland-paris-august-2024-pin-trading-time-event-pin-releases | Z24: secondary | AB24: 1 | AG24: dlp/2024/pin-trading-time-august-2024-miguel-refresher
A25: PHS-0024 | B25: Halloween 2024 pins (Disneyland Paris) | C25: Disneyland Paris | E25: 2024-09 | F25: 2024 | L25: limited edition | R25: 5 | S25: =IF(Q25="","",MAX(Q25-R25,0)) | T25: =IF(Q25="","",MIN(R25/Q25,1)) | U25: Chip; Dale; Lucifer; Mickey Mouse; Pascal; Stitch | W25: evidenced | X25: Low | Y25: https://disneypinsblog.com/disneyland-paris-october-2024-pin-releases/ | Z25: secondary | AA25: https://medium.com/@kevin_24111/disneyland-paris-september-2024-pin-release-preview-sheet-schedule-1139688c519e | AB25: 3 | AG25: dlp/2024/halloween-2024
A26: PHS-0025 | B26: LE 700 Mickey; Minnie with Daisy (September 14) | C26: Disneyland Paris | E26: 2024-09-14 | F26: 2024 | L26: limited edition | M26: 700 | R26: 2 | S26: =IF(Q26="","",MAX(Q26-R26,0)) | T26: =IF(Q26="","",MIN(R26/Q26,1)) | U26: Mickey Mouse; Daisy Duck; Minnie Mouse | W26: evidenced (held) | X26: Low | Y26: https://www.mousesteps.com/2024/08/29/disneyland-paris-pin-release-schedule-for-september-2024-revealed/ | Z26: secondary | AB26: 1 | AG26: dlp/2024/le-700-mickey-minnie-daisy-september-2024
A27: PHS-0026 | B27: Tinker Bell Autumn LE 700 | C27: Disneyland Paris | E27: 2024-09-21 | F27: 2024 | L27: limited edition | M27: 700 | Q27: 1 | R27: 1 | S27: =IF(Q27="","",MAX(Q27-R27,0)) | T27: =IF(Q27="","",MIN(R27/Q27,1)) | U27: Tinker Bell | W27: evidenced | X27: Low | Y27: https://medium.com/@disney_mouseketeer/disneyland-paris-september-2024-pin-release-preview-sheet-schedule-1139688c519e | Z27: secondary | AA27: https://medium.com/@kevin_24111/disneyland-paris-september-2024-pin-release-preview-sheet-schedule-1139688c519e | AB27: 2 | AG27: dlp/2024/tinker-bell-autumn-le-700
A28: PHS-0027 | B28: Gaston and Belle LE (November 2) | C28: Disneyland Paris | E28: 2024-11-02 | F28: 2024 | L28: limited edition | R28: 1 | S28: =IF(Q28="","",MAX(Q28-R28,0)) | T28: =IF(Q28="","",MIN(R28/Q28,1)) | U28: Belle; Gaston | W28: evidenced | X28: Low | Y28: https://disneypinsblog.com/disneyland-paris-november-2024-pin-releases/ | Z28: secondary | AA28: https://www.mousesteps.com/2024/10/30/disneyland-paris-november-2024-pin-release-schedule-revealed/ | AB28: 2 | AG28: dlp/2024/gaston-and-belle-le-november-2024
A29: PHS-0028 | B29: The Aristocats open edition pins (November 16) | C29: Disneyland Paris | E29: 2024-11-16 | F29: 2024 | L29: open edition | R29: 4 | S29: =IF(Q29="","",MAX(Q29-R29,0)) | T29: =IF(Q29="","",MIN(R29/Q29,1)) | U29: Berlioz; Toulouse; Duchess; Marie; Thomas O'Malley | W29: evidenced | X29: Low | Y29: http://pixiedustdlp.com/2024/11/04/disneyland-paris-pin-trading-november-2024/ | Z29: secondary | AA29: https://www.mousesteps.com/2024/10/30/disneyland-paris-november-2024-pin-release-schedule-revealed/ | AB29: 2 | AG29: dlp/2024/aristocats-oe-november-2024
A30: PHS-0029 | B30: Happy Birthday cake pins (Mickey, Minnie, Donald, Daisy, Chip & Dale) | C30: Disneyland Paris | E30: 2024-11-16 | F30: 2024 | L30: limited edition | M30: 700 | N30: 18 | O30: EUR | Q30: 5 | R30: 5 | S30: =IF(Q30="","",MAX(Q30-R30,0)) | T30: =IF(Q30="","",MIN(R30/Q30,1)) | U30: Chip; Dale; Daisy Duck; Donald Duck; Mickey Mouse; Minnie Mouse | W30: evidenced | X30: Low | Y30: http://pixiedustdlp.com/2024/11/04/disneyland-paris-pin-trading-november-2024/ | Z30: secondary | AA30: https://disneypinsblog.com/disneyland-paris-november-2024-pin-releases/ | AB30: 4 | AG30: dlp/2024/happy-birthday-cakes-le-700
A31: PHS-0030 | B31: Ariel and Eric LE (November 23) | C31: Disneyland Paris | E31: 2024-11-23 | F31: 2024 | L31: limited edition | Q31: 1 | R31: 1 | S31: =IF(Q31="","",MAX(Q31-R31,0)) | T31: =IF(Q31="","",MIN(R31/Q31,1)) | U31: Ariel; Eric; Prince Eric | W31: evidenced | X31: Low | Y31: http://pixiedustdlp.com/2024/11/04/disneyland-paris-pin-trading-november-2024/ | Z31: secondary | AA31: https://www.mousesteps.com/2024/10/30/disneyland-paris-november-2024-pin-release-schedule-revealed/ | AB31: 2 | AG31: dlp/2024/ariel-and-eric-le-november-2024
A32: PHS-0031 | B32: Christmas 2024 Winnie the Pooh open edition pins | C32: Disneyland Paris | E32: 2024-11-23 | F32: 2024 | L32: open edition | Q32: 4 | R32: 4 | S32: =IF(Q32="","",MAX(Q32-R32,0)) | T32: =IF(Q32="","",MIN(R32/Q32,1)) | U32: Eeyore; Winnie the Pooh; Piglet; Tigger | W32: evidenced | X32: Low | Y32: http://pixiedustdlp.com/2024/11/04/disneyland-paris-pin-trading-november-2024/ | Z32: secondary | AA32: https://www.mousesteps.com/2024/10/30/disneyland-paris-november-2024-pin-release-schedule-revealed/ | AB32: 2 | AG32: dlp/2024/christmas-2024-pooh-oe
A33: PHS-0032 | B33: Mother Gothel limited edition pin | C33: Disneyland Paris | E33: 2025-01-08 | F33: 2025 | L33: limited edition | M33: 700 | Q33: 1 | R33: 1 | S33: =IF(Q33="","",MAX(Q33-R33,0)) | T33: =IF(Q33="","",MIN(R33/Q33,1)) | U33: Mother Gothel; Rapunzel | W33: evidenced | X33: Low | Y33: http://pixiedustdlp.com/2024/12/28/disneyland-paris-pin-trading-january-2025/ | Z33: secondary | AA33: https://disneypinsblog.com/disneyland-paris-january-2025-pin-releases/ | AB33: 3 | AG33: dlp/2025/mother-gothel-le-700
A34: PHS-0033 | B34: Pièces Jaunes Mickey pin (2025) | C34: Disneyland Paris | E34: 2025-01-08 | F34: 2025 | I34: charity collection single pin | Q34: 1 | R34: 1 | S34: =IF(Q34="","",MAX(Q34-R34,0)) | T34: =IF(Q34="","",MIN(R34/Q34,1)) | U34: Mickey Mouse | W34: evidenced | X34: Low | Y34: https://www.laughingplace.com/w/disney-merchandise/disneyland-paris-reveals-new-pieces-jaunes-collection/ | Z34: secondary | AA34: https://www.mousesteps.com/2024/12/27/disneyland-paris-january-2025-pins-revealed/ | AB34: 2 | AG34: dlp/2025/pieces-jaunes-mickey-2025
A35: PHS-0034 | B35: Mickey & Friends skiing pins | C35: Disneyland Paris | E35: 2025-01-11 | F35: 2025 | R35: 7 | S35: =IF(Q35="","",MAX(Q35-R35,0)) | T35: =IF(Q35="","",MIN(R35/Q35,1)) | U35: Chip 'n Dale; Daisy Duck; Donald Duck; Goofy; Mickey Mouse; Minnie Mouse; Pluto | W35: evidenced | X35: Low | Y35: http://pixiedustdlp.com/2024/12/28/disneyland-paris-pin-trading-january-2025/ | Z35: secondary | AA35: https://disneypinsblog.com/disneyland-paris-january-2025-pin-releases/ | AB35: 4 | AG35: dlp/2025/mickey-friends-skiing
A36: PHS-0035 | B36: Henry Ravenswood jumbo limited edition pin | C36: Disneyland Paris | E36: 2025-01-18 | F36: 2025 | I36: jumbo pin | L36: limited edition | M36: 700 | Q36: 1 | R36: 1 | S36: =IF(Q36="","",MAX(Q36-R36,0)) | T36: =IF(Q36="","",MIN(R36/Q36,1)) | U36: Henry Ravenswood | W36: evidenced | X36: Low | Y36: https://disneypinsblog.com/disneyland-paris-january-2025-pin-releases/ | Z36: secondary | AA36: https://www.mousesteps.com/2024/12/27/disneyland-paris-january-2025-pins-revealed/ | AB36: 2 | AG36: dlp/2025/henry-ravenswood-jumbo-le-700
A37: PHS-0036 | B37: Disneyland Hotel open edition pins | C37: Disneyland Paris | E37: 2025-01-24 | F37: 2025 | L37: open edition | Q37: 2 | R37: 2 | S37: =IF(Q37="","",MAX(Q37-R37,0)) | T37: =IF(Q37="","",MIN(R37/Q37,1)) | U37: Mickey Mouse; Minnie Mouse | W37: evidenced | X37: Low | Y37: http://pixiedustdlp.com/2024/12/28/disneyland-paris-pin-trading-january-2025/ | Z37: secondary | AA37: https://www.mousesteps.com/2024/12/27/disneyland-paris-january-2025-pins-revealed/ | AB37: 2 | AG37: dlp/2025/disneyland-hotel-oe-2025-01
A38: PHS-0037 | B38: Megara and Hercules limited edition pin | C38: Disneyland Paris | E38: 2025-01-25 | F38: 2025 | L38: limited edition | M38: 700 | Q38: 1 | R38: 1 | S38: =IF(Q38="","",MAX(Q38-R38,0)) | T38: =IF(Q38="","",MIN(R38/Q38,1)) | U38: Hercules; Megara | W38: evidenced | X38: Low | Y38: https://www.mousesteps.com/2024/12/27/disneyland-paris-january-2025-pins-revealed/ | Z38: secondary | AB38: 1 | AG38: dlp/2025/megara-hercules-le-700
A39: PHS-0038 | B39: Pin Trading Time January 2025 refresher pin (Cruella) | C39: Disneyland Paris | E39: 2025-01-31 | F39: 2025 | I39: event refresher pin | Q39: 1 | R39: 1 | S39: =IF(Q39="","",MAX(Q39-R39,0)) | T39: =IF(Q39="","",MIN(R39/Q39,1)) | U39: Cruella de Vil | W39: evidenced | X39: Low | Y39: https://disneypinsblog.com/blogs/news/disneyland-paris-january-2025-pin-trading-time-event-pin-releases | Z39: secondary | AB39: 1 | AG39: dlp/2025/pin-trading-time-2025-01-cheyenne-refresher-cruella
A40: PHS-0039 | B40: Lady Tremaine limited edition pin (Cinderella silhouette) | C40: Disneyland Paris | E40: 2025-02-08 | F40: 2025 | L40: limited edition | M40: 700 | Q40: 1 | R40: 1 | S40: =IF(Q40="","",MAX(Q40-R40,0)) | T40: =IF(Q40="","",MIN(R40/Q40,1)) | U40: Cinderella; Lady Tremaine | W40: evidenced | X40: Low | Y40: https://medium.com/@disney_mouseketeer/disneyland-paris-february-2025-pins-preview-sheet-schedule-77f6c793773a | Z40: secondary | AA40: https://www.mousesteps.com/2025/01/29/disneyland-paris-shares-february-2025-pin-releases/ | AB40: 2 | AG40: dlp/2025/lady-tremaine-le-700
A41: PHS-0040 | B41: Tangled Valentine's Day 2025 surprise pin | C41: Disneyland Paris | E41: 2025-02-14 | F41: 2025 | I41: surprise single LE pin | L41: limited edition | M41: 700 | Q41: 1 | R41: 1 | S41: =IF(Q41="","",MAX(Q41-R41,0)) | T41: =IF(Q41="","",MIN(R41/Q41,1)) | U41: Flynn Rider; Rapunzel | W41: evidenced | X41: Low | Y41: https://disneypinsblog.com/blogs/news/surprise-tangled-valentines-day-2025-pin-at-disneyland-paris | Z41: secondary | AA41: https://disneypinsblog.com/surprise-tangled-valentines-day-2025-pin-at-disneyland-paris/ | AB41: 1 | AG41: dlp/2025/tangled-valentines-day-2025-surprise-le-700
A42: PHS-0041 | B42: Cinderella 75th Anniversary limited edition pins | C42: Disneyland Paris | E42: 2025-02-15 | F42: 2025 | L42: limited edition | Q42: 3 | R42: 3 | S42: =IF(Q42="","",MAX(Q42-R42,0)) | T42: =IF(Q42="","",MIN(R42/Q42,1)) | U42: Gus; Jaq; Prince Charming; Snow White; Cinderella 75th Anniversary spinner pin | W42: evidenced | X42: Low | Y42: https://medium.com/@disney_mouseketeer/disneyland-paris-february-2025-pins-preview-sheet-schedule-77f6c793773a | Z42: secondary | AA42: https://www.mousesteps.com/2025/01/29/disneyland-paris-shares-february-2025-pin-releases/ | AB42: 2 | AG42: dlp/2025/cinderella-75th-anniversary-le-2025-02-15
A43: PHS-0042 | B43: Lady and the Tramp limited edition pin | C43: Disneyland Paris | E43: 2025-02-15 | F43: 2025 | L43: limited edition | R43: 1 | S43: =IF(Q43="","",MAX(Q43-R43,0)) | T43: =IF(Q43="","",MIN(R43/Q43,1)) | U43: Lady; Tramp | W43: evidenced | X43: Low | Y43: https://www.mousesteps.com/2025/01/29/disneyland-paris-shares-february-2025-pin-releases/ | Z43: secondary | AB43: 1 | AG43: dlp/2025/lady-and-the-tramp-le-2025-02-15
A44: PHS-0043 | B44: Paris-themed Mickey & Friends pins | C44: Disneyland Paris | E44: 2025-03-01 | F44: 2025 | R44: 4 | S44: =IF(Q44="","",MAX(Q44-R44,0)) | T44: =IF(Q44="","",MIN(R44/Q44,1)) | U44: Angel; Stitch; Chip; Dale; Daisy Duck; Donald Duck; Mickey Mouse; Minnie Mouse | W44: evidenced | X44: Low | Y44: https://www.laughingplace.com/w/disney-parks/disneyland-paris-pin-release-march-2025/ | Z44: secondary | AA44: https://www.mousesteps.com/2025/02/26/disneyland-paris-pin-releases-for-march-2025-revealed/ | AB44: 2 | AG44: dlp/2025/paris-mickey-friends-2025-03-01
A45: PHS-0044 | B45: Duchess and O'Malley limited edition pin | C45: Disneyland Paris | E45: 2025-03-08 | F45: 2025 | L45: limited edition | Q45: 1 | R45: 1 | S45: =IF(Q45="","",MAX(Q45-R45,0)) | T45: =IF(Q45="","",MIN(R45/Q45,1)) | U45: Duchess; Thomas O'Malley | W45: evidenced | X45: Low | Y45: https://www.laughingplace.com/w/disney-parks/disneyland-paris-pin-release-march-2025/ | Z45: secondary | AA45: https://www.mousesteps.com/2025/02/26/disneyland-paris-pin-releases-for-march-2025-revealed/ | AB45: 2 | AG45: dlp/2025/duchess-omalley-le-2025-03-08
A46: PHS-0045 | B46: Stitch as Disney Villains series | C46: Disneyland Paris | E46: 2025-03-08 | F46: 2025 | L46: limited edition | R46: 4 | S46: =IF(Q46="","",MAX(Q46-R46,0)) | T46: =IF(Q46="","",MIN(R46/Q46,1)) | U46: Stitch | W46: evidenced (held) | X46: Low | Y46: https://www.laughingplace.com/w/disney-parks/disneyland-paris-pin-release-march-2025/ | Z46: secondary | AA46: https://www.mousesteps.com/2025/02/26/disneyland-paris-pin-releases-for-march-2025-revealed/ | AB46: 2 | AG46: dlp/2025/stitch-villains-series-2025-03-08
A47: PHS-0046 | B47: Maleficent with Aurora silhouette limited edition pin | C47: Disneyland Paris | E47: 2025-03-15 | F47: 2025 | L47: limited edition | Q47: 1 | R47: 1 | S47: =IF(Q47="","",MAX(Q47-R47,0)) | T47: =IF(Q47="","",MIN(R47/Q47,1)) | U47: Aurora; Maleficent | W47: evidenced | X47: Low | Y47: https://www.laughingplace.com/w/disney-parks/disneyland-paris-pin-release-march-2025/ | Z47: secondary | AA47: https://www.mousesteps.com/2025/02/26/disneyland-paris-pin-releases-for-march-2025-revealed/ | AB47: 2 | AG47: dlp/2025/maleficent-aurora-silhouette-le-2025-03-15
A48: PHS-0047 | B48: Scrooge McDuck St. Patrick's Day limited edition pin | C48: Disneyland Paris | E48: 2025-03-15 | F48: 2025 | L48: limited edition | Q48: 1 | R48: 1 | S48: =IF(Q48="","",MAX(Q48-R48,0)) | T48: =IF(Q48="","",MIN(R48/Q48,1)) | U48: Scrooge McDuck | W48: evidenced | X48: Low | Y48: https://www.laughingplace.com/w/disney-parks/disneyland-paris-pin-release-march-2025/ | Z48: secondary | AA48: https://www.mousesteps.com/2025/02/26/disneyland-paris-pin-releases-for-march-2025-revealed/ | AB48: 2 | AG48: dlp/2025/scrooge-st-patricks-day-le-2025-03-15
A49: PHS-0048 | B49: Snow White Spring (Printemps) 2025 limited edition pin | C49: Disneyland Paris | E49: 2025-03-15 | F49: 2025 | L49: limited edition | Q49: 1 | R49: 1 | S49: =IF(Q49="","",MAX(Q49-R49,0)) | T49: =IF(Q49="","",MIN(R49/Q49,1)) | U49: Snow White | W49: evidenced | X49: Low | Y49: https://www.laughingplace.com/w/disney-parks/disneyland-paris-pin-release-march-2025/ | Z49: secondary | AA49: https://www.mousesteps.com/2025/02/26/disneyland-paris-pin-releases-for-march-2025-revealed/ | AB49: 2 | AG49: dlp/2025/snow-white-printemps-2025-le-2025-03-15
A50: PHS-0049 | B50: Jumbo Mickey Mouse limited edition pin | C50: Disneyland Paris | E50: 2025-03-22 | F50: 2025 | I50: jumbo pin | L50: limited edition | R50: 1 | S50: =IF(Q50="","",MAX(Q50-R50,0)) | T50: =IF(Q50="","",MIN(R50/Q50,1)) | U50: Mickey Mouse | W50: evidenced | X50: Low | Y50: https://www.laughingplace.com/w/disney-parks/disneyland-paris-pin-release-march-2025/ | Z50: secondary | AA50: https://www.mousesteps.com/2025/02/26/disneyland-paris-pin-releases-for-march-2025-revealed/ | AB50: 2 | AG50: dlp/2025/jumbo-mickey-le-2025-03-22
A51: PHS-0050 | B51: Olaf limited edition pin | C51: Disneyland Paris | E51: 2025-03-22 | F51: 2025 | L51: limited edition | R51: 1 | S51: =IF(Q51="","",MAX(Q51-R51,0)) | T51: =IF(Q51="","",MIN(R51/Q51,1)) | U51: Olaf | W51: evidenced | X51: Low | Y51: https://www.laughingplace.com/w/disney-parks/disneyland-paris-pin-release-march-2025/ | Z51: secondary | AA51: https://www.mousesteps.com/2025/02/26/disneyland-paris-pin-releases-for-march-2025-revealed/ | AB51: 2 | AG51: dlp/2025/olaf-le-2025-03-22
A52: PHS-0051 | B52: Peter Pan limited edition pin | C52: Disneyland Paris | E52: 2025-03-22 | F52: 2025 | L52: limited edition | R52: 1 | S52: =IF(Q52="","",MAX(Q52-R52,0)) | T52: =IF(Q52="","",MIN(R52/Q52,1)) | U52: Peter Pan | W52: evidenced | X52: Low | Y52: https://www.laughingplace.com/w/disney-parks/disneyland-paris-pin-release-march-2025/ | Z52: secondary | AA52: https://www.mousesteps.com/2025/02/26/disneyland-paris-pin-releases-for-march-2025-revealed/ | AB52: 2 | AG52: dlp/2025/peter-pan-le-2025-03-22
A53: PHS-0052 | B53: Dumbo and Rabbit butterfly limited edition pins | C53: Disneyland Paris | E53: 2025-03-29 | F53: 2025 | L53: limited edition | Q53: 2 | R53: 2 | S53: =IF(Q53="","",MAX(Q53-R53,0)) | T53: =IF(Q53="","",MIN(R53/Q53,1)) | U53: Dumbo; Rabbit; Thumper | W53: evidenced | X53: Low | Y53: https://disneypinsblog.com/disneyland-paris-march-2025-pin-releases/ | Z53: secondary | AA53: https://www.laughingplace.com/w/disney-parks/disneyland-paris-pin-release-march-2025/ | AB53: 3 | AG53: dlp/2025/dumbo-rabbit-butterfly-le-2025-03-29
A54: PHS-0053 | B54: Pixar Ball pin | C54: Disneyland Paris | E54: 2025-03-29 | F54: 2025 | R54: 1 | S54: =IF(Q54="","",MAX(Q54-R54,0)) | T54: =IF(Q54="","",MIN(R54/Q54,1)) | U54: Pixar Ball | W54: evidenced | X54: Low | Y54: https://www.mousesteps.com/2025/02/26/disneyland-paris-pin-releases-for-march-2025-revealed/ | Z54: secondary | AB54: 1 | AG54: dlp/2025/pixar-ball-2025-03-29
A55: PHS-0054 | B55: Yzma & Kuzco limited edition pin | C55: Disneyland Paris | E55: 2025-04-05 | F55: 2025 | L55: limited edition | M55: 700 | N55: 20 | O55: EUR | R55: 1 | S55: =IF(Q55="","",MAX(Q55-R55,0)) | T55: =IF(Q55="","",MIN(R55/Q55,1)) | U55: Kuzco; Yzma | W55: evidenced | X55: Low | Y55: https://disneypinsblog.com/disneyland-paris-april-2025-pin-releases/ | Z55: secondary | AA55: https://mypincentral.com/blog_post/pin-releases-disneyland-paris-disneyland-paris-flyer-for-april-2025 | AB55: 4 | AG55: dlp/2025/yzma-kuzco-le-700
A56: PHS-0055 | B56: Alice's Curious Labyrinth Chip 'n' Dale pins | C56: Disneyland Paris | E56: 2025-04-12 | F56: 2025 | R56: 2 | S56: =IF(Q56="","",MAX(Q56-R56,0)) | T56: =IF(Q56="","",MIN(R56/Q56,1)) | U56: Chip; Dale | W56: evidenced | X56: Low | Y56: https://disneypinsblog.com/blogs/news/disneyland-paris-april-2025-pin-releases | Z56: secondary | AA56: https://mypincentral.com/blog_post/pin-releases-disneyland-paris-disneyland-paris-flyer-for-april-2025 | AB56: 3 | AG56: dlp/2025/alice-curious-labyrinth-chip-dale-2025-04-12
A57: PHS-0056 | B57: Disneyland Paris 33rd anniversary limited edition pins | C57: Disneyland Paris | E57: 2025-04-12 | F57: 2025 | L57: limited edition | N57: 18 | O57: EUR | Q57: 6 | R57: 6 | S57: =IF(Q57="","",MAX(Q57-R57,0)) | T57: =IF(Q57="","",MIN(R57/Q57,1)) | U57: Aurora; Big Thunder Mountain – Disneyland Paris 33rd anniversary limited edition pins; it's a small world – Disneyland Paris 33rd anniversary limited edition pins; Maleficent; Owl; Phantom Manor – Disneyland Paris 33rd anniversary limited edition pins | W57: evidenced | X57: Low | Y57: https://mypincentral.com/blog_post/pin-releases-disneyland-paris-disneyland-paris-flyer-for-april-2025 | Z57: secondary | AA57: https://www.mousesteps.com/2025/03/31/disneyland-paris-reveals-april-2025-pin-releases/ | AB57: 2 | AG57: dlp/2025/resort-33rd-anniversary-le-2025-04-12
A58: PHS-0057 | B58: Easter Huey, Dewey & Louie limited edition pin | C58: Disneyland Paris | E58: 2025-04-19 | F58: 2025 | L58: limited edition | M58: 700 | R58: 1 | S58: =IF(Q58="","",MAX(Q58-R58,0)) | T58: =IF(Q58="","",MIN(R58/Q58,1)) | U58: Dewey; Huey; Louie | W58: evidenced | X58: Low | Y58: https://mypincentral.com/blog_post/pin-releases-disneyland-paris-disneyland-paris-flyer-for-april-2025 | Z58: secondary | AA58: https://pixiedustdlp.com/2025/03/31/disneyland-paris-pin-trading-april-2025/ | AB58: 2 | AG58: dlp/2025/easter-huey-dewey-louie-le-2025-04-19
A59: PHS-0058 | B59: Nala & Simba limited edition pin | C59: Disneyland Paris | E59: 2025-04-19 | F59: 2025 | L59: limited edition | R59: 1 | S59: =IF(Q59="","",MAX(Q59-R59,0)) | T59: =IF(Q59="","",MIN(R59/Q59,1)) | U59: Nala; Simba | W59: evidenced | X59: Low | Y59: https://mypincentral.com/blog_post/pin-releases-disneyland-paris-disneyland-paris-flyer-for-april-2025 | Z59: secondary | AA59: https://pixiedustdlp.com/2025/03/31/disneyland-paris-pin-trading-april-2025/ | AB59: 2 | AG59: dlp/2025/nala-simba-le-2025-04-19
A60: PHS-0059 | B60: Pin Trading Time April 2025 refresher pin (John Darling) | C60: Disneyland Paris | E60: 2025-04-25 | F60: 2025 | I60: event refresher pin | Q60: 1 | R60: 1 | S60: =IF(Q60="","",MAX(Q60-R60,0)) | T60: =IF(Q60="","",MIN(R60/Q60,1)) | U60: John Darling | W60: evidenced | X60: Low | Y60: https://disneypinsblog.com/disneyland-paris-april-2025-pin-trading-time-event-pin-releases/ | Z60: secondary | AB60: 1 | AG60: dlp/2025/pin-trading-time-2025-04-sequoia-refresher-john-darling
A61: PHS-0060 | B61: Berlioz & Toulouse limited edition pin | C61: Disneyland Paris | E61: 2025-04-26 | F61: 2025 | L61: limited edition | M61: 700 | R61: 1 | S61: =IF(Q61="","",MAX(Q61-R61,0)) | T61: =IF(Q61="","",MIN(R61/Q61,1)) | U61: Berlioz; Toulouse | W61: evidenced | X61: Low | Y61: https://mypincentral.com/blog_post/pin-releases-disneyland-paris-disneyland-paris-flyer-for-april-2025 | Z61: secondary | AB61: 1 | AG61: dlp/2025/berlioz-toulouse-le-2025-04-26
A62: PHS-0061 | B62: Stitch limited edition pin (April) | C62: Disneyland Paris | E62: 2025-04-26 | F62: 2025 | L62: limited edition | R62: 1 | S62: =IF(Q62="","",MAX(Q62-R62,0)) | T62: =IF(Q62="","",MIN(R62/Q62,1)) | U62: Stitch | W62: evidenced | X62: Low | Y62: https://mypincentral.com/blog_post/pin-releases-disneyland-paris-disneyland-paris-flyer-for-april-2025 | Z62: secondary | AB62: 1 | AG62: dlp/2025/stitch-le-2025-04-26
A63: PHS-0062 | B63: 1 May muguet (lily of the valley) open edition pins | C63: Disneyland Paris | E63: 2025-05-01 | F63: 2025 | L63: open edition | R63: 5 | S63: =IF(Q63="","",MAX(Q63-R63,0)) | T63: =IF(Q63="","",MIN(R63/Q63,1)) | U63: Chip; Chip 'n Dale; Dale; Eeyore; Mushu; Thumper; Tinker Bell | W63: evidenced | X63: Low | Y63: https://disneymouseketeer.com/disneyland-paris-may-2025-pins-preview-sheet-schedule/ | Z63: secondary | AA63: https://www.mousesteps.com/2025/05/01/disneyland-paris-pin-releases-for-may-2025-revealed/ | AB63: 2 | AG63: dlp/2025/may-1-muguet-oe-2025-05-01
A64: PHS-0063 | B64: Disney Music Festival pins (May) | C64: Disneyland Paris | E64: 2025-05-03 | F64: 2025 | R64: 3 | S64: =IF(Q64="","",MAX(Q64-R64,0)) | T64: =IF(Q64="","",MIN(R64/Q64,1)) | U64: Chip; Dale; Mickey Mouse; Stitch | W64: evidenced | X64: Low | Y64: https://disneymouseketeer.com/disneyland-paris-may-2025-pins-preview-sheet-schedule/ | Z64: secondary | AA64: https://disneypinsblog.com/disneyland-paris-may-2025-pin-releases/ | AB64: 3 | AG64: dlp/2025/disney-music-festival-2025-05-03
A65: PHS-0064 | B65: Tinker Bell limited edition pin | C65: Disneyland Paris | E65: 2025-05-10 | F65: 2025 | L65: limited edition | R65: 1 | S65: =IF(Q65="","",MAX(Q65-R65,0)) | T65: =IF(Q65="","",MIN(R65/Q65,1)) | U65: Tinker Bell | W65: evidenced | X65: Low | Y65: https://disneypinsblog.com/blogs/news/disneyland-paris-may-2025-pin-releases | Z65: secondary | AA65: https://www.mousesteps.com/2025/05/01/disneyland-paris-pin-releases-for-may-2025-revealed/ | AB65: 2 | AG65: dlp/2025/tinker-bell-le-2025-05-10
A66: PHS-0065 | B66: Winnie the Pooh limited edition pin (May) | C66: Disneyland Paris | E66: 2025-05-10 | F66: 2025 | L66: limited edition | R66: 1 | S66: =IF(Q66="","",MAX(Q66-R66,0)) | T66: =IF(Q66="","",MIN(R66/Q66,1)) | U66: Winnie the Pooh | W66: evidenced | X66: Low | Y66: https://disneypinsblog.com/blogs/news/disneyland-paris-may-2025-pin-releases | Z66: secondary | AA66: https://www.mousesteps.com/2025/05/01/disneyland-paris-pin-releases-for-may-2025-revealed/ | AB66: 2 | AG66: dlp/2025/winnie-the-pooh-le-2025-05-10
A67: PHS-0066 | B67: Cruella limited edition pin (May) | C67: Disneyland Paris | E67: 2025-05-24 | F67: 2025 | L67: limited edition | R67: 1 | S67: =IF(Q67="","",MAX(Q67-R67,0)) | T67: =IF(Q67="","",MIN(R67/Q67,1)) | U67: Cruella de Vil; Roger | W67: evidenced | X67: Low | Y67: https://disneymouseketeer.com/disneyland-paris-may-2025-pins-preview-sheet-schedule/ | Z67: secondary | AA67: https://www.mousesteps.com/2025/05/01/disneyland-paris-pin-releases-for-may-2025-revealed/ | AB67: 2 | AG67: dlp/2025/cruella-le-2025-05-24
A68: PHS-0067 | B68: Mrs. Potts and Chip limited edition pin | C68: Disneyland Paris | E68: 2025-05-25 | F68: 2025 | L68: limited edition | R68: 1 | S68: =IF(Q68="","",MAX(Q68-R68,0)) | T68: =IF(Q68="","",MIN(R68/Q68,1)) | U68: Chip; Mrs. Potts | W68: evidenced | X68: Low | Y68: https://www.mousesteps.com/2025/05/01/disneyland-paris-pin-releases-for-may-2025-revealed/ | Z68: secondary | AB68: 1 | AG68: dlp/2025/mrs-potts-chip-le-2025-05-25
A69: PHS-0068 | B69: Angel with Stitch limited edition pin | C69: Disneyland Paris | E69: 2025-05-31 | F69: 2025 | L69: limited edition | R69: 1 | S69: =IF(Q69="","",MAX(Q69-R69,0)) | T69: =IF(Q69="","",MIN(R69/Q69,1)) | U69: Angel; Stitch | W69: evidenced | X69: Low | Y69: https://disneymouseketeer.com/disneyland-paris-may-2025-pins-preview-sheet-schedule/ | Z69: secondary | AA69: https://www.mousesteps.com/2025/05/01/disneyland-paris-pin-releases-for-may-2025-revealed/ | AB69: 2 | AG69: dlp/2025/angel-stitch-le-2025-05-31
A70: PHS-0069 | B70: Peter Pan's Flight attraction pins | C70: Disneyland Paris | E70: 2025-06-21 | F70: 2025 | Q70: 3 | R70: 1 | S70: =IF(Q70="","",MAX(Q70-R70,0)) | T70: =IF(Q70="","",MIN(R70/Q70,1)) | U70: Peter Pan's Flight – Peter Pan's Flight attraction pins | W70: evidenced | X70: Low | Y70: http://pixiedustdlp.com/2025/06/12/disneyland-paris-pin-trading-june-2025/ | Z70: secondary | AA70: https://www.mousesteps.com/2025/05/30/disneyland-paris-june-2025-pins-revealed-including-stitch-elio-and-peter-pans-flight/ | AB70: 2 | AG70: dlp/2025/peter-pans-flight-2025-06-21
A71: PHS-0070 | B71: Stitch Day 2025 jumbo limited edition pin | C71: Disneyland Paris | E71: 2025-06-26 | F71: 2025 | I71: jumbo pin | L71: limited edition | M71: 800 | Q71: 1 | R71: 1 | S71: =IF(Q71="","",MAX(Q71-R71,0)) | T71: =IF(Q71="","",MIN(R71/Q71,1)) | U71: Stitch | W71: evidenced | X71: Low | Y71: https://disneypinsblog.com/blogs/news/disneyland-paris-june-2025-pin-releases | Z71: secondary | AA71: https://www.mousesteps.com/2025/05/30/disneyland-paris-june-2025-pins-revealed-including-stitch-elio-and-peter-pans-flight/ | AB71: 2 | AG71: dlp/2025/stitch-day-jumbo-le-800
A72: PHS-0071 | B72: Rafiki limited edition pin (July) | C72: Disneyland Paris | E72: 2025-07 | F72: 2025 | L72: limited edition | R72: 1 | S72: =IF(Q72="","",MAX(Q72-R72,0)) | T72: =IF(Q72="","",MIN(R72/Q72,1)) | U72: Rafiki | W72: evidenced | X72: Low | Y72: https://pixiedustdlp.com/2025/06/30/disneyland-paris-pin-trading-july-2025/ | Z72: secondary | AA72: https://www.mousesteps.com/2025/06/30/disneyland-paris-pins-for-july-2025-revealed-including-ratatouille-disney-music-festival/ | AB72: 2 | AG72: dlp/2025/rafiki-le-2025-07
A73: PHS-0072 | B73: Disney Music Festival pins (Pueblo Trading Post exclusives) | C73: Disneyland Paris | E73: 2025-07-05 | F73: 2025 | I73: park-exclusive open collection | Q73: 10 | R73: 8 | S73: =IF(Q73="","",MAX(Q73-R73,0)) | T73: =IF(Q73="","",MIN(R73/Q73,1)) | U73: Chip; Dale; Daisy Duck; Donald Duck; Disney Music Festival logo; Goofy; Mickey Mouse; Minnie Mouse; Moana; Stitch; Pumbaa; Timon | W73: evidenced (held) | X73: Low | Y73: https://www.laughingplace.com/disney-parks/dlp-july-2025-pins/ | Z73: secondary | AA73: https://www.mousesteps.com/2025/06/30/disneyland-paris-pins-for-july-2025-revealed-including-ratatouille-disney-music-festival/ | AB73: 2 | AG73: dlp/2025/disney-music-festival-pueblo-2025-07-05
A74: PHS-0073 | B74: Goofy limited edition pin (July) | C74: Disneyland Paris | E74: 2025-07-12 | F74: 2025 | L74: limited edition | R74: 2 | S74: =IF(Q74="","",MAX(Q74-R74,0)) | T74: =IF(Q74="","",MIN(R74/Q74,1)) | U74: Goofy; Rafiki | W74: evidenced (held) | X74: Low | Y74: https://pixiedustdlp.com/2025/06/30/disneyland-paris-pin-trading-july-2025/ | Z74: secondary | AA74: https://www.mousesteps.com/2025/06/30/disneyland-paris-pins-for-july-2025-revealed-including-ratatouille-disney-music-festival/ | AB74: 2 | AG74: dlp/2025/goofy-le-2025-07
A75: PHS-0074 | B75: Hunchback of Notre Dame Bastille Day limited edition pin | C75: Disneyland Paris | E75: 2025-07-14 | F75: 2025 | L75: limited edition | R75: 1 | S75: =IF(Q75="","",MAX(Q75-R75,0)) | T75: =IF(Q75="","",MIN(R75/Q75,1)) | U75: Quasimodo | W75: evidenced | X75: Low | Y75: https://pixiedustdlp.com/2025/06/30/disneyland-paris-pin-trading-july-2025/ | Z75: secondary | AA75: https://www.laughingplace.com/disney-parks/dlp-july-2025-pins/ | AB75: 3 | AG75: dlp/2025/hunchback-bastille-day-le-2025-07-14
A76: PHS-0075 | B76: Ursula and Ariel limited edition pin | C76: Disneyland Paris | E76: 2025-07-14 | F76: 2025 | L76: limited edition | R76: 1 | S76: =IF(Q76="","",MAX(Q76-R76,0)) | T76: =IF(Q76="","",MIN(R76/Q76,1)) | U76: Ariel; Ursula | W76: evidenced | X76: Low | Y76: https://www.laughingplace.com/disney-parks/dlp-july-2025-pins/ | Z76: secondary | AA76: https://www.mousesteps.com/2025/06/30/disneyland-paris-pins-for-july-2025-revealed-including-ratatouille-disney-music-festival/ | AB76: 2 | AG76: dlp/2025/ursula-ariel-le-2025-07-14
A77: PHS-0076 | B77: Up pin set | C77: Disneyland Paris | E77: 2025-07-19 | F77: 2025 | I77: open edition pins plus one Lineberty LE pin | L77: open edition | R77: 5 | S77: =IF(Q77="","",MAX(Q77-R77,0)) | T77: =IF(Q77="","",MIN(R77/Q77,1)) | U77: Carl Fredricksen; Dug; Up house; My Adventure Book; Russell | W77: evidenced | X77: Low | Y77: https://pixiedustdlp.com/2025/06/30/disneyland-paris-pin-trading-july-2025/ | Z77: secondary | AA77: https://www.mousesteps.com/2025/06/30/disneyland-paris-pins-for-july-2025-revealed-including-ratatouille-disney-music-festival/ | AB77: 2 | AG77: dlp/2025/up-2025-07-19
A78: PHS-0077 | B78: Pongo and Perdita limited edition pin | C78: Disneyland Paris | E78: 2025-07-26 | F78: 2025 | L78: limited edition | R78: 1 | S78: =IF(Q78="","",MAX(Q78-R78,0)) | T78: =IF(Q78="","",MIN(R78/Q78,1)) | U78: Perdita; Pongo | W78: evidenced | X78: Low | Y78: https://pixiedustdlp.com/2025/06/30/disneyland-paris-pin-trading-july-2025/ | Z78: secondary | AA78: https://www.mousesteps.com/2025/06/30/disneyland-paris-pins-for-july-2025-revealed-including-ratatouille-disney-music-festival/ | AB78: 2 | AG78: dlp/2025/pongo-perdita-le-2025-07-26
A79: PHS-0078 | B79: Hades limited edition pin | C79: Disneyland Paris | E79: 2025-08 | F79: 2025 | L79: limited edition | M79: 700 | R79: 1 | S79: =IF(Q79="","",MAX(Q79-R79,0)) | T79: =IF(Q79="","",MIN(R79/Q79,1)) | U79: Hades; Hercules | W79: evidenced | X79: Low | Y79: https://disneymouseketeer.com/disneyland-paris-august-2025-pins-preview-sheet-schedule/ | Z79: secondary | AA79: https://www.mousesteps.com/2025/07/29/disneyland-paris-pins-for-august-2025-revealed-including-picsou-magazine-theme/ | AB79: 2 | AG79: dlp/2025/hades-le-700
A80: PHS-0079 | B80: End-of-summer open edition pins | C80: Disneyland Paris | E80: 2025-08 | F80: 2025 | L80: open edition | R80: 4 | S80: =IF(Q80="","",MAX(Q80-R80,0)) | T80: =IF(Q80="","",MIN(R80/Q80,1)) | U80: Abu; Nala; Rajah; Simba | W80: evidenced | X80: Low | Y80: https://pixiedustdlp.com/2025/07/29/disneyland-paris-pins-august-2025/ | Z80: secondary | AA80: https://www.mousesteps.com/2025/07/29/disneyland-paris-pins-for-august-2025-revealed-including-picsou-magazine-theme/ | AB80: 2 | AG80: dlp/2025/lion-king-aladdin-pooh-end-of-summer-oe-2025-08
A81: PHS-0080 | B81: Tiana and Naveen frogs limited edition pin | C81: Disneyland Paris | E81: 2025-08 | F81: 2025 | L81: limited edition | M81: 700 | R81: 1 | S81: =IF(Q81="","",MAX(Q81-R81,0)) | T81: =IF(Q81="","",MIN(R81/Q81,1)) | U81: Naveen; Tiana | W81: evidenced | X81: Low | Y81: https://disneymouseketeer.com/disneyland-paris-august-2025-pins-preview-sheet-schedule/ | Z81: secondary | AA81: https://www.mousesteps.com/2025/07/29/disneyland-paris-pins-for-august-2025-revealed-including-picsou-magazine-theme/ | AB81: 2 | AG81: dlp/2025/tiana-naveen-frogs-le-700
A82: PHS-0081 | B82: Encanto character door pins | C82: Disneyland Paris | E82: 2025-08-09 | F82: 2025 | L82: open edition | Q82: 5 | R82: 5 | S82: =IF(Q82="","",MAX(Q82-R82,0)) | T82: =IF(Q82="","",MIN(R82/Q82,1)) | U82: Bruno; Dolores; Isabela; Luisa; Pepa | W82: evidenced | X82: Low | Y82: https://www.mousesteps.com/2025/07/29/disneyland-paris-pins-for-august-2025-revealed-including-picsou-magazine-theme/ | Z82: secondary | AB82: 1 | AG82: dlp/2025/encanto-doors-oe-2025-08-09
A83: PHS-0082 | B83: Picsou Magazine pins | C83: Disneyland Paris | E83: 2025-08-16 | F83: 2025 | Q83: 4 | R83: 4 | S83: =IF(Q83="","",MAX(Q83-R83,0)) | T83: =IF(Q83="","",MIN(R83/Q83,1)) | U83: Beagle Boys; Donald Duck; Scrooge McDuck; Dewey; Huey; Louie | W83: evidenced | X83: Low | Y83: https://www.mousesteps.com/2025/07/29/disneyland-paris-pins-for-august-2025-revealed-including-picsou-magazine-theme/ | Z83: secondary | AB83: 1 | AG83: dlp/2025/picsou-magazine-2025-08-16
A84: PHS-0083 | B84: Brother Bear start of fall limited edition pin | C84: Disneyland Paris | E84: 2025-09 | F84: 2025 | L84: limited edition | R84: 1 | S84: =IF(Q84="","",MAX(Q84-R84,0)) | T84: =IF(Q84="","",MIN(R84/Q84,1)) | U84: Autumn 2025 Brother Bear | W84: evidenced | X84: Low | Y84: https://mypincentral.com/blog_post/pin-releases-disneyland-paris-disneyland-paris-flyer-for-september-2025 | Z84: secondary | AA84: https://pixiedustdlp.com/2025/08/29/disneyland-paris-pin-trading-sept-2025/ | AB84: 2 | AG84: dlp/2025/brother-bear-fall-le-2025-09
A85: PHS-0084 | B85: Captain Hook and Peter Pan limited edition pin | C85: Disneyland Paris | E85: 2025-09 | F85: 2025 | L85: limited edition | R85: 1 | S85: =IF(Q85="","",MAX(Q85-R85,0)) | T85: =IF(Q85="","",MIN(R85/Q85,1)) | U85: Captain Hook; Peter Pan | W85: evidenced | X85: Low | Y85: https://mypincentral.com/blog_post/pin-releases-disneyland-paris-disneyland-paris-flyer-for-september-2025 | Z85: secondary | AA85: https://www.mousesteps.com/2025/08/29/disneyland-paris-pins-for-september-2025-revealed/ | AB85: 2 | AG85: dlp/2025/captain-hook-peter-pan-le-2025-09
A86: PHS-0085 | B86: Mickey and Minnie moon limited edition pin | C86: Disneyland Paris | E86: 2025-09 | F86: 2025 | L86: limited edition | R86: 1 | S86: =IF(Q86="","",MAX(Q86-R86,0)) | T86: =IF(Q86="","",MIN(R86/Q86,1)) | U86: Mickey Mouse; Minnie Mouse | W86: evidenced | X86: Low | Y86: https://disneymouseketeer.com/disneyland-paris-september-2025-pins-preview-sheet-schedule/ | Z86: secondary | AA86: https://mypincentral.com/blog_post/pin-releases-disneyland-paris-disneyland-paris-flyer-for-september-2025 | AB86: 3 | AG86: dlp/2025/mickey-minnie-moon-le-2025-09
A87: PHS-0086 | B87: Halloween 2025 limited edition pins | C87: Disneyland Paris | E87: 2025-09-20 | F87: 2025 | L87: limited edition | Q87: 2 | R87: 2 | S87: =IF(Q87="","",MAX(Q87-R87,0)) | T87: =IF(Q87="","",MIN(R87/Q87,1)) | U87: Mickey Mouse; Minnie Mouse | W87: evidenced | X87: Low | Y87: https://disneymouseketeer.com/disneyland-paris-september-2025-pins-preview-sheet-schedule/ | Z87: secondary | AA87: https://mypincentral.com/blog_post/pin-releases-disneyland-paris-disneyland-paris-flyer-for-september-2025 | AB87: 4 | AG87: dlp/2025/halloween-2025-le-2025-09-20
A88: PHS-0087 | B88: Halloween 2025 open edition pins | C88: Disneyland Paris | E88: 2025-09-20 | F88: 2025 | L88: open edition | Q88: 7 | R88: 7 | S88: =IF(Q88="","",MAX(Q88-R88,0)) | T88: =IF(Q88="","",MIN(R88/Q88,1)) | U88: Chip; Dale; Daisy Duck; Donald Duck; Goofy; Mickey Mouse; Minnie Mouse; Pluto; Scrump; Stitch | W88: evidenced (held) | X88: Low | Y88: https://disneymouseketeer.com/disneyland-paris-september-2025-pins-preview-sheet-schedule/ | Z88: secondary | AA88: https://mypincentral.com/blog_post/pin-releases-disneyland-paris-disneyland-paris-flyer-for-september-2025 | AB88: 3 | AG88: dlp/2025/halloween-2025-oe-2025-09-20
A89: PHS-0088 | B89: Cruella and Ursula jumbo limited edition pins | C89: Disneyland Paris | E89: 2025-09-27 | F89: 2025 | I89: jumbo pins | L89: limited edition | Q89: 2 | R89: 2 | S89: =IF(Q89="","",MAX(Q89-R89,0)) | T89: =IF(Q89="","",MIN(R89/Q89,1)) | U89: Cruella de Vil; Ursula | W89: evidenced | X89: Low | Y89: https://pixiedustdlp.com/2025/08/29/disneyland-paris-pin-trading-sept-2025/ | Z89: secondary | AA89: https://www.mousesteps.com/2025/08/29/disneyland-paris-pins-for-september-2025-revealed/ | AB89: 2 | AG89: dlp/2025/villains-jumbo-cruella-ursula-le-2025-09-27
A90: PHS-0089 | B90: Tarot Series Aladdin limited edition pin | C90: Disneyland Paris | E90: 2025-10-04 | F90: 2025 | H90: Tarot Series | L90: limited edition | M90: 800 | N90: 20 | O90: EUR | R90: 1 | S90: =IF(Q90="","",MAX(Q90-R90,0)) | T90: =IF(Q90="","",MIN(R90/Q90,1)) | U90: Aladdin | W90: evidenced | X90: Low | Y90: https://mypincentral.com/blog_post/pin-releases-disneyland-paris-disneyland-paris-flyer-for-october-2025 | Z90: secondary | AA90: https://www.mousesteps.com/2025/09/29/disneyland-paris-october-2025-pins-revealed/ | AB90: 2 | AG90: dlp/2025/tarot-series-aladdin-le-800
A91: PHS-0090 | B91: Disney Villains open edition pins | C91: Disneyland Paris | E91: 2025-10-04 | F91: 2025 | L91: open edition | N91: 15 | O91: EUR | Q91: 4 | R91: 4 | S91: =IF(Q91="","",MAX(Q91-R91,0)) | T91: =IF(Q91="","",MIN(R91/Q91,1)) | U91: Evil Queen; Magic Mirror; Hades; Pain; Panic; Iago; Jafar; Banzai; Ed; Scar; Shenzi | W91: evidenced | X91: Low | Y91: https://mypincentral.com/blog_post/pin-releases-disneyland-paris-disneyland-paris-flyer-for-october-2025 | Z91: secondary | AA91: https://www.mousesteps.com/2025/09/29/disneyland-paris-october-2025-pins-revealed/ | AB91: 2 | AG91: dlp/2025/villains-oe-2025-10-04
A92: PHS-0091 | B92: Kuzco 25th Anniversary jumbo limited edition pin | C92: Disneyland Paris | E92: 2025-10-11 | F92: 2025 | I92: jumbo pin | L92: limited edition | M92: 800 | N92: 55 | O92: EUR | R92: 1 | S92: =IF(Q92="","",MAX(Q92-R92,0)) | T92: =IF(Q92="","",MIN(R92/Q92,1)) | U92: Kuzco | W92: evidenced | X92: Low | Y92: https://disneypinventory.com/view_item.php?itemID=50640 | Z92: secondary | AA92: https://mypincentral.com/blog_post/pin-releases-disneyland-paris-disneyland-paris-flyer-for-october-2025 | AB92: 4 | AG92: dlp/2025/kuzco-25th-anniversary-jumbo-le-800
A93: PHS-0092 | B93: Lunar Series Miss Bunny & Thumper limited edition pin | C93: Disneyland Paris | E93: 2025-10-11 | F93: 2025 | H93: Lunar Series | L93: limited edition | M93: 700 | N93: 25 | O93: EUR | R93: 1 | S93: =IF(Q93="","",MAX(Q93-R93,0)) | T93: =IF(Q93="","",MIN(R93/Q93,1)) | U93: Miss Bunny; Thumper | W93: evidenced | X93: Low | Y93: https://mypincentral.com/blog_post/pin-releases-disneyland-paris-disneyland-paris-flyer-for-october-2025 | Z93: secondary | AA93: https://www.mousesteps.com/2025/09/29/disneyland-paris-october-2025-pins-revealed/ | AB93: 2 | AG93: dlp/2025/miss-bunny-thumper-lunar-series-le-700
A94: PHS-0093 | B94: Voyage Series Robin Hood limited edition pin | C94: Disneyland Paris | E94: 2025-10-11 | F94: 2025 | H94: Voyage Series | L94: limited edition | M94: 800 | N94: 20 | O94: EUR | R94: 1 | S94: =IF(Q94="","",MAX(Q94-R94,0)) | T94: =IF(Q94="","",MIN(R94/Q94,1)) | U94: Robin Hood | W94: evidenced | X94: Low | Y94: https://mypincentral.com/blog_post/pin-releases-disneyland-paris-disneyland-paris-flyer-for-october-2025 | Z94: secondary | AA94: https://www.mousesteps.com/2025/09/29/disneyland-paris-october-2025-pins-revealed/ | AB94: 2 | AG94: dlp/2025/robin-hood-voyage-series-le-800
A95: PHS-0094 | B95: Pajama Party pins | C95: Disneyland Paris | E95: 2025-10-17 | F95: 2025 | R95: 9 | S95: =IF(Q95="","",MAX(Q95-R95,0)) | T95: =IF(Q95="","",MIN(R95/Q95,1)) | U95: Chip; Dale; Daisy Duck; Donald Duck; Goofy; Mickey Mouse; Minnie Mouse | W95: evidenced (held) | X95: Low | Y95: https://disneymouseketeer.com/disneyland-paris-october-2025-pins-preview-sheet-schedule/ | Z95: secondary | AA95: https://disneypinventory.com/view_item.php?itemID=49180 | AB95: 3 | AG95: dlp/2025/pajama-party-2025-10-17
A96: PHS-0095 | B96: Christmas 2025 limited edition pins | C96: Disneyland Paris | E96: 2025-11-01 | F96: 2025 | L96: limited edition | Q96: 2 | R96: 1 | S96: =IF(Q96="","",MAX(Q96-R96,0)) | T96: =IF(Q96="","",MIN(R96/Q96,1)) | U96: Pluto | W96: evidenced | X96: Low | Y96: https://www.mousesteps.com/2025/10/28/disneyland-paris-november-2025-pins-include-christmas-walt-disney-studios-park/ | Z96: secondary | AB96: 1 | AG96: dlp/2025/christmas-2025-le
A97: PHS-0096 | B97: Disney Enchanted Christmas 2025 open edition pins | C97: Disneyland Paris | E97: 2025-11-01 | F97: 2025 | R97: 4 | S97: =IF(Q97="","",MAX(Q97-R97,0)) | T97: =IF(Q97="","",MIN(R97/Q97,1)) | U97: Chip; Dale; Donald Duck; Mickey Mouse; Stitch | W97: evidenced | X97: Low | Y97: https://disneymouseketeer.com/disneyland-paris-november-2025-pins-preview-sheet-schedule/ | Z97: secondary | AA97: https://pixiedustdlp.com/2025/10/28/disneyland-paris-pin-trading-11-2025/ | AB97: 3 | AG97: dlp/2025/christmas-2025-oe
A98: PHS-0097 | B98: Walt Disney Studios Park 'That's a Wrap' jumbo limited edition pin | C98: Disneyland Paris | E98: 2025-11-08 | F98: 2025 | I98: jumbo pin | commemorative LE pin | L98: limited edition | M98: 800 | R98: 1 | S98: =IF(Q98="","",MAX(Q98-R98,0)) | T98: =IF(Q98="","",MIN(R98/Q98,1)) | U98: That's a Wrap | W98: evidenced | X98: Low | Y98: https://disneymouseketeer.com/disneyland-paris-november-2025-pins-preview-sheet-schedule/ | Z98: secondary | AA98: https://pixiedustdlp.com/2025/10/28/disneyland-paris-pin-trading-11-2025/ | AB98: 4 | AG98: dlp/2025/thats-a-wrap-walt-disney-studios-jumbo-le-800
A99: PHS-0098 | B99: Mirabel limited edition pin | C99: Disneyland Paris | E99: 2025-11-22 | F99: 2025 | L99: limited edition | R99: 1 | S99: =IF(Q99="","",MAX(Q99-R99,0)) | T99: =IF(Q99="","",MIN(R99/Q99,1)) | U99: Mirabel Madrigal | W99: evidenced | X99: Low | Y99: https://pixiedustdlp.com/2025/10/28/disneyland-paris-pin-trading-11-2025/ | Z99: secondary | AA99: https://www.mousesteps.com/2025/10/28/disneyland-paris-november-2025-pins-include-christmas-walt-disney-studios-park/ | AB99: 3 | AG99: dlp/2025/mirabel-le-2025-11-22
A100: PHS-0099 | B100: Winnie the Pooh winter limited edition pin | C100: Disneyland Paris | E100: 2025-11-22 | F100: 2025 | L100: limited edition | R100: 1 | S100: =IF(Q100="","",MAX(Q100-R100,0)) | T100: =IF(Q100="","",MIN(R100/Q100,1)) | U100: Winnie the Pooh | W100: evidenced | X100: Low | Y100: https://pixiedustdlp.com/2025/10/28/disneyland-paris-pin-trading-11-2025/ | Z100: secondary | AA100: https://www.mousesteps.com/2025/10/28/disneyland-paris-november-2025-pins-include-christmas-walt-disney-studios-park/ | AB100: 2 | AG100: dlp/2025/winnie-the-pooh-winter-le-2025-11-22
...

Sheet Set_Members
A1: set_id | B1: slot | C1: characters | D1: pin_name | E1: variant (chaser/glitter/...) | F1: edition_size | G1: in_catalogue | H1: pinhunt_id | I1: image_status | J1: status | K1: confidence | L1: research_key
A2: PHS-0001 | B2: 1 | C2: Aladdin | D2: Aladdin – Disney Animated Cuties Mystery Pin Blind Pack – 2-Pc. | G2: possible | H2: PHUK-00000333 | I2: none | J2: candidate | K2: High | L2: animated-cuties/series-1/aladdin
A3: PHS-0001 | B3: 2 | C3: Alice | D3: Alice – Disney Animated Cuties Mystery Pin Blind Pack – 2-Pc. | G3: possible | H3: PHUK-00000331 | I3: none | J3: candidate | K3: High | L3: animated-cuties/series-1/alice
A4: PHS-0001 | B4: 3 | C4: Esmeralda; Esmerelda | D4: Esmeralda & Esmerelda – Disney Animated Cuties Mystery Pin Blind Pack – 2-Pc. | G4: possible | H4: PHUK-00000336 | I4: none | J4: candidate | K4: High | L4: animated-cuties/series-1/esmeralda
A5: PHS-0001 | B5: 4 | C5: Jim Hawkins | D5: Jim Hawkins – Disney Animated Cuties Mystery Pin Blind Pack – 2-Pc. | G5: possible | H5: PHUK-00000337 | I5: none | J5: candidate | K5: High | L5: animated-cuties/series-1/jim-hawkins
A6: PHS-0001 | B6: 5 | C6: Megara | D6: Megara – Disney Animated Cuties Mystery Pin Blind Pack – 2-Pc. | G6: possible | H6: PHUK-00000334 | I6: none | J6: candidate | K6: High | L6: animated-cuties/series-1/megara-meg
A7: PHS-0001 | B7: 6 | C7: Peter Pan | D7: Peter Pan – Disney Animated Cuties Mystery Pin Blind Pack – 2-Pc. | G7: possible | H7: PHUK-00000335 | I7: none | J7: candidate | K7: High | L7: animated-cuties/series-1/peter-pan
A8: PHS-0001 | B8: 7 | C8: Pinocchio | D8: Pinocchio – Disney Animated Cuties Mystery Pin Blind Pack – 2-Pc. | G8: possible | H8: PHUK-00000332 | I8: none | J8: candidate | K8: High | L8: animated-cuties/series-1/pinocchio
A9: PHS-0001 | B9: 8 | C9: Tinker Bell | D9: Tinker Bell – Disney Animated Cuties Mystery Pin Blind Pack – 2-Pc. | G9: possible | H9: PHUK-00000338 | I9: none | J9: candidate | K9: High | L9: animated-cuties/series-1/tinker-bell
A10: PHS-0002 | B10: 1 | C10: Ariel | D10: Ariel – Animated Cuties Series 2 Mystery Pin Set | G10: possible | I10: none | J10: candidate | K10: Low | L10: animated-cuties/series-2/ariel
A11: PHS-0002 | B11: 2 | C11: Flynn Rider | D11: Flynn Rider – Animated Cuties Series 2 Mystery Pin Set | G11: possible | I11: none | J11: candidate | K11: Low | L11: animated-cuties/series-2/flynn-rider
A12: PHS-0002 | B12: 3 | C12: Hercules | D12: Hercules – Animated Cuties Series 2 Mystery Pin Set | G12: possible | I12: none | J12: candidate | K12: Low | L12: animated-cuties/series-2/hercules
A13: PHS-0002 | B13: 4 | C13: Kuzco | D13: Kuzco – Animated Cuties Series 2 Mystery Pin Set | G13: possible | I13: none | J13: candidate | K13: Low | L13: animated-cuties/series-2/kuzco
A14: PHS-0002 | B14: 5 | C14: Li Shang | D14: Li Shang – Animated Cuties Series 2 Mystery Pin Set | G14: possible | I14: none | J14: candidate | K14: Low | L14: animated-cuties/series-2/li-shang
A15: PHS-0002 | B15: 6 | C15: Maleficent | D15: Maleficent – Animated Cuties Series 2 Mystery Pin Set | G15: possible | I15: none | J15: candidate | K15: Low | L15: animated-cuties/series-2/maleficent
A16: PHS-0002 | B16: 7 | C16: Sally | D16: Sally – Animated Cuties Series 2 Mystery Pin Set | G16: possible | I16: none | J16: candidate | K16: Low | L16: animated-cuties/series-2/sally
A17: PHS-0002 | B17: 8 | C17: Vanellope | D17: Vanellope – Animated Cuties Series 2 Mystery Pin Set | G17: possible | I17: none | J17: candidate | K17: Low | L17: animated-cuties/series-2/vanellope-von-schweetz
A18: PHS-0003 | B18: 1 | C18: Aladdin | F18: 3750 | G18: possible | I18: none | J18: candidate | K18: Medium | L18: brush-of-magic/limited-edition/aladdin
A19: PHS-0003 | B19: 2 | C19: Ariel | D19: Ariel Pin - The Little Mermaid - Limited Edition | F19: 3750 | G19: possible | I19: none | J19: candidate | K19: Low | L19: brush-of-magic/limited-edition/ariel
A20: PHS-0003 | B20: 3 | C20: Bambi | F20: 3750 | G20: possible | I20: none | J20: candidate | K20: Medium | L20: brush-of-magic/limited-edition/bambi
A21: PHS-0003 | B21: 4 | C21: Belle | F21: 3750 | G21: possible | I21: none | J21: candidate | K21: Medium | L21: brush-of-magic/limited-edition/belle
A22: PHS-0003 | B22: 5 | C22: Captain Hook | D22: Captain Hook Pin - Peter Pan - Limited Edition | F22: 3750 | G22: possible | I22: none | J22: candidate | K22: Low | L22: brush-of-magic/limited-edition/captain-hook
A23: PHS-0003 | B23: 6 | C23: Cinderella | D23: Cinderella Pin - Brush of Magic - Limited Edition | F23: 3750 | G23: possible | I23: none | J23: candidate | K23: High | L23: brush-of-magic/limited-edition/cinderella
A24: PHS-0003 | B24: 7 | C24: Darkwing Duck | F24: 3750 | G24: possible | I24: none | J24: candidate | K24: Medium | L24: brush-of-magic/limited-edition/darkwing-duck
A25: PHS-0003 | B25: 8 | C25: Donald Duck | D25: Donald Duck Pin - Brush of Magic - Limited Edition | F25: 3750 | G25: possible | I25: none | J25: candidate | K25: Medium | L25: brush-of-magic/limited-edition/donald-duck
A26: PHS-0003 | B26: 9 | C26: Dumbo | D26: Dumbo Limited Edition Pin, Brush of Magic | F26: 3750 | G26: possible | I26: none | J26: candidate | K26: High | L26: brush-of-magic/limited-edition/dumbo
A27: PHS-0003 | B27: 10 | C27: Gadget Hackwrench | D27: Gadget Pin - Chip 'n Dale's Rescue Rangers - Brush of Magic - Limited Edition | F27: 3750 | G27: possible | I27: none | J27: candidate | K27: Medium | L27: brush-of-magic/limited-edition/gadget-hackwrench
A28: PHS-0003 | B28: 11 | C28: Genie | D28: Genie Pin - Aladdin - Brush of Magic - Limited Edition | F28: 3750 | G28: possible | I28: none | J28: candidate | K28: Medium | L28: brush-of-magic/limited-edition/genie
A29: PHS-0003 | B29: 12 | C29: Grumpy | F29: 3750 | G29: possible | I29: none | J29: candidate | K29: Medium | L29: brush-of-magic/limited-edition/grumpy
A30: PHS-0003 | B30: 13 | C30: Hades | D30: Hades Pin - Hercules - Brush of Magic - Limited Edition | F30: 3750 | G30: possible | I30: none | J30: candidate | K30: Medium | L30: brush-of-magic/limited-edition/hades
A31: PHS-0003 | B31: 14 | C31: Hercules | D31: US: Hercules Pin - Brush of Magic - Limited Edition | Asia: Hercules Limited Edition Pin, Brush of Magic | F31: 3750 | G31: possible | I31: none | J31: candidate | K31: High | L31: brush-of-magic/limited-edition/hercules
A32: PHS-0003 | B32: 15 | C32: Maleficent | D32: Maleficent Limited Edition Pin, Sleeping Beauty, Brush of Magic | F32: 2250 | G32: possible | I32: none | J32: candidate | K32: High | L32: brush-of-magic/limited-edition/maleficent
A33: PHS-0003 | B33: 16 | C33: Marie | D33: Marie Limited Edition Pin, The Aristocats, Brush of Magic | F33: 3750 | G33: possible | I33: none | J33: candidate | K33: High | L33: brush-of-magic/limited-edition/marie
A34: PHS-0003 | B34: 17 | C34: Mickey Mouse | D34: Mickey Mouse on Animator's Desk Jumbo Pin - Brush of Magic - 2-Pc. - Limited Edition | F34: 3749 | G34: possible | I34: none | J34: candidate | K34: Medium | L34: brush-of-magic/limited-edition/mickey-animators-desk-jumbo
A35: PHS-0003 | B35: 18 | C35: Sorcerer Mickey | D35: Sorcerer Mickey Mouse Limited Edition Pin, Fantasia, Brush of Magic | F35: 2250 | G35: possible | I35: none | J35: candidate | K35: High | L35: brush-of-magic/limited-edition/mickey-mouse-sorcerer
A36: PHS-0004 | B36: 1 | C36: Cheshire Cat | D36: Cheshire Cat – US: Disney Brush of Magic Mystery Pin Blind Pack Series 1 - 2-Pc. - Limited Release | UK: Disney Brush of Magic Limited Release Mystery Pin Set | G36: possible | H36: PHUK-00000634 | I36: none | J36: candidate | K36: High | L36: brush-of-magic/mystery-series-1/cheshire-cat
A37: PHS-0004 | B37: 2 | C37: Dopey | D37: Dopey – US: Disney Brush of Magic Mystery Pin Blind Pack Series 1 - 2-Pc. - Limited Release | UK: Disney Brush of Magic Limited Release Mystery Pin Set | G37: possible | H37: PHUK-00000625 | I37: none | J37: candidate | K37: High | L37: brush-of-magic/mystery-series-1/dopey
A38: PHS-0004 | B38: 3 | C38: Goofy | D38: Goofy – US: Disney Brush of Magic Mystery Pin Blind Pack Series 1 - 2-Pc. - Limited Release | UK: Disney Brush of Magic Limited Release Mystery Pin Set | G38: possible | H38: PHUK-00000633 | I38: none | J38: candidate | K38: High | L38: brush-of-magic/mystery-series-1/goofy
A39: PHS-0004 | B39: 4 | C39: Oswald | D39: Disney Brush of Magic Mystery Pin Set Series 1 - Oswald the Lucky Rabbit | G39: possible | H39: PHUK-00000631 | I39: none | J39: candidate | K39: High | L39: brush-of-magic/mystery-series-1/oswald-the-lucky-rabbit
A40: PHS-0004 | B40: 5 | C40: Peter Pan | D40: Peter Pan – US: Disney Brush of Magic Mystery Pin Blind Pack Series 1 - 2-Pc. - Limited Release | UK: Disney Brush of Magic Limited Release Mystery Pin Set | G40: possible | H40: PHUK-00000627 | I40: none | J40: candidate | K40: High | L40: brush-of-magic/mystery-series-1/peter-pan
A41: PHS-0004 | B41: 6 | C41: Pluto | D41: Pluto – US: Disney Brush of Magic Mystery Pin Blind Pack Series 1 - 2-Pc. - Limited Release | UK: Disney Brush of Magic Limited Release Mystery Pin Set | G41: possible | H41: PHUK-00000626 | I41: none | J41: candidate | K41: High | L41: brush-of-magic/mystery-series-1/pluto
A42: PHS-0004 | B42: 7 | C42: Stitch | D42: Stitch – US: Disney Brush of Magic Mystery Pin Blind Pack Series 1 - 2-Pc. - Limited Release | UK: Disney Brush of Magic Limited Release Mystery Pin Set | G42: possible | H42: PHUK-00000632 | I42: none | J42: candidate | K42: High | L42: brush-of-magic/mystery-series-1/stitch
A43: PHS-0004 | B43: 8 | C43: Tod; Todd | D43: Tod | G43: possible | H43: PHUK-00000628 | I43: none | J43: candidate | K43: High | L43: brush-of-magic/mystery-series-1/todd
A44: PHS-0004 | B44: 9 | C44: Ursula | D44: Ursula – US: Disney Brush of Magic Mystery Pin Blind Pack Series 1 - 2-Pc. - Limited Release | UK: Disney Brush of Magic Limited Release Mystery Pin Set | G44: possible | H44: PHUK-00000629 | I44: none | J44: candidate | K44: High | L44: brush-of-magic/mystery-series-1/ursula
A45: PHS-0004 | B45: 10 | C45: Winnie; Winnie the Pooh | D45: Winnie & Winnie the Pooh – US: Disney Brush of Magic Mystery Pin Blind Pack Series 1 - 2-Pc. - Limited Release | UK: Disney Brush of Magic Limited Release Mystery Pin Set | G45: possible | H45: PHUK-00000630 | I45: none | J45: candidate | K45: High | L45: brush-of-magic/mystery-series-1/winnie-the-pooh
A46: PHS-0005 | B46: 1 | C46: Baloo | D46: Baloo – Disney Brush of Magic Mystery Pin Blind Pack Series 2 - 2-Pc. - Limited Release | G46: possible | I46: none | J46: candidate | K46: Low | L46: brush-of-magic/mystery-series-2/baloo
A47: PHS-0005 | B47: 2 | C47: Chip; Dale | D47: Chip & Dale – Disney Brush of Magic Mystery Pin Blind Pack Series 2 - 2-Pc. - Limited Release | G47: possible | I47: none | J47: candidate | K47: Low | L47: brush-of-magic/mystery-series-2/chip-n-dale
A48: PHS-0005 | B48: 3 | C48: Jafar | D48: Jafar – Disney Brush of Magic Mystery Pin Blind Pack Series 2 - 2-Pc. - Limited Release | G48: possible | I48: none | J48: candidate | K48: Low | L48: brush-of-magic/mystery-series-2/jafar
A49: PHS-0005 | B49: 4 | C49: Minnie Mouse | D49: Minnie Mouse – Disney Brush of Magic Mystery Pin Blind Pack Series 2 - 2-Pc. - Limited Release | G49: possible | I49: none | J49: candidate | K49: Low | L49: brush-of-magic/mystery-series-2/minnie-mouse
A50: PHS-0005 | B50: 5 | C50: Pascal | D50: Pascal – Disney Brush of Magic Mystery Pin Blind Pack Series 2 - 2-Pc. - Limited Release | G50: possible | I50: none | J50: candidate | K50: Low | L50: brush-of-magic/mystery-series-2/pascal
A51: PHS-0005 | B51: 6 | C51: Pegasus | D51: Pegasus – Disney Brush of Magic Mystery Pin Blind Pack Series 2 - 2-Pc. - Limited Release | G51: possible | I51: none | J51: candidate | K51: Low | L51: brush-of-magic/mystery-series-2/pegasus
A52: PHS-0005 | B52: 7 | C52: Pinocchio | D52: Pinocchio – Disney Brush of Magic Mystery Pin Blind Pack Series 2 - 2-Pc. - Limited Release | G52: possible | I52: none | J52: candidate | K52: Low | L52: brush-of-magic/mystery-series-2/pinocchio
A53: PHS-0005 | B53: 8 | C53: Pongo | D53: Pongo – Disney Brush of Magic Mystery Pin Blind Pack Series 2 - 2-Pc. - Limited Release | G53: possible | I53: none | J53: candidate | K53: Low | L53: brush-of-magic/mystery-series-2/pongo
A54: PHS-0005 | B54: 9 | C54: Simba | D54: Simba – Disney Brush of Magic Mystery Pin Blind Pack Series 2 - 2-Pc. - Limited Release | G54: possible | I54: none | J54: candidate | K54: Low | L54: brush-of-magic/mystery-series-2/simba
A55: PHS-0005 | B55: 10 | C55: Tigger | D55: Tigger – Disney Brush of Magic Mystery Pin Blind Pack Series 2 - 2-Pc. - Limited Release | G55: possible | I55: none | J55: candidate | K55: Low | L55: brush-of-magic/mystery-series-2/tigger
A56: PHS-0006 | B56: 1 | C56: Chernabog | D56: Chernabog – US: Disney Brush of Magic Mystery Pin Blind Pack Series 3 - 2-Pc. - Limited Release | UK: Disney Brush of Magic Series 3 Limited Release Mystery Pin Set | G56: possible | I56: none | J56: candidate | K56: High | L56: brush-of-magic/mystery-series-3/chernabog
A57: PHS-0006 | B57: 2 | C57: Cruella de Vil | D57: Cruella de Vil – US: Disney Brush of Magic Mystery Pin Blind Pack Series 3 - 2-Pc. - Limited Release | UK: Disney Brush of Magic Series 3 Limited Release Mystery Pin Set | G57: possible | I57: none | J57: candidate | K57: High | L57: brush-of-magic/mystery-series-3/cruella-de-vil
... A73: PHS-0009 | B73: 1 | C73: Periwinkle; Tinker Bell | D73: Periwinkle & Tinker Bell – Tinker Bell and Periwinkle jumbo LE (Symphony of Colours) | G73: N | I73: none | J73: candidate | K73: Medium | L73: dlp/2024/tinker-bell-periwinkle-symphony-of-colours-jumbo/tinker-bell-and-periwinkle
A74: PHS-0010 | B74: 1 | C74: Fauna | D74: Fauna – Flora, Fauna and Merryweather - Disneyland Paris birthday (April 12) | F74: 700 | G74: N | I74: none | J74: candidate | K74: Medium | L74: dlp/2024/dlp-birthday-good-fairies-april-2024/fauna
A75: PHS-0010 | B75: 2 | C75: Flora | D75: Flora – Flora, Fauna and Merryweather - Disneyland Paris birthday (April 12) | F75: 700 | G75: N | I75: none | J75: candidate | K75: Medium | L75: dlp/2024/dlp-birthday-good-fairies-april-2024/flora
A76: PHS-0010 | B76: 3 | C76: Merryweather | D76: Merryweather – Flora, Fauna and Merryweather - Disneyland Paris birthday (April 12) | F76: 700 | G76: N | I76: none | J76: candidate | K76: Medium | L76: dlp/2024/dlp-birthday-good-fairies-april-2024/merryweather
A77: PHS-0011 | B77: 1 | C77: Alice | D77: Alice – Alice in Wonderland 2024 Pin Trading Event pins | G77: N | I77: none | J77: candidate | K77: Low | L77: dlp/2024/alice-in-wonderland-pin-trading-event-2024/alice
A78: PHS-0011 | B78: 2 | C78: Cheshire Cat | D78: Cheshire Cat – Alice in Wonderland 2024 Pin Trading Event pins | G78: N | I78: none | J78: candidate | K78: Low | L78: dlp/2024/alice-in-wonderland-pin-trading-event-2024/cheshire-cat
A79: PHS-0011 | B79: 3 | C79: Mad Hatter | D79: Mad Hatter – Alice in Wonderland 2024 Pin Trading Event pins | G79: N | I79: none | J79: candidate | K79: Low | L79: dlp/2024/alice-in-wonderland-pin-trading-event-2024/mad-hatter
A80: PHS-0011 | B80: 4 | C80: March Hare | D80: March Hare – Alice in Wonderland 2024 Pin Trading Event pins | G80: N | I80: none | J80: candidate | K80: Low | L80: dlp/2024/alice-in-wonderland-pin-trading-event-2024/march-hare
A81: PHS-0011 | B81: 5 | C81: Red Queen | D81: Red Queen – Alice in Wonderland 2024 Pin Trading Event pins | G81: N | I81: none | J81: candidate | K81: Low | L81: dlp/2024/alice-in-wonderland-pin-trading-event-2024/red-queen
A82: PHS-0012 | B82: 1 | C82: Anger; Ennui | D82: Anger & Ennui – Inside Out 2 pins | G82: N | I82: none | J82: candidate | K82: Low | L82: dlp/2024/inside-out-2-june-2024/anger-with-ennui
A83: PHS-0012 | B83: 2 | C83: Disgust; Envy; Fear | D83: Disgust & Envy & Fear – Inside Out 2 pins | G83: N | I83: none | J83: candidate | K83: Low | L83: dlp/2024/inside-out-2-june-2024/disgust-and-fear-with-envy
A84: PHS-0012 | B84: 3 | C84: Embarrassment; Sadness | D84: Embarrassment & Sadness – Inside Out 2 pins | G84: N | I84: none | J84: candidate | K84: Low | L84: dlp/2024/inside-out-2-june-2024/embarrassment-with-sadness
A85: PHS-0012 | B85: 4 | C85: Anxiety; Joy | D85: Anxiety & Joy – Inside Out 2 pins | G85: N | I85: none | J85: candidate | K85: Low | L85: dlp/2024/inside-out-2-june-2024/joy-with-anxiety
A86: PHS-0013 | B86: 1 | C86: Alien; Buzz Lightyear | D86: Alien & Buzz Lightyear – Toy Story Aliens pins | G86: N | I86: none | J86: candidate | K86: Low | L86: dlp/2024/toy-story-aliens-june-2024/alien-as-buzz-lightyear
A87: PHS-0013 | B87: 2 | C87: Alien; Carl Fredricksen; Russell | D87: Alien & Carl Fredricksen & Russell – Toy Story Aliens pins | G87: N | I87: none | J87: candidate | K87: Low | L87: dlp/2024/toy-story-aliens-june-2024/alien-as-carl-and-russell
A88: PHS-0013 | B88: 3 | C88: Alien; Edna Mode; Mr. Incredible | D88: Alien & Edna Mode & Mr. Incredible – Toy Story Aliens pins | G88: N | I88: none | J88: candidate | K88: Low | L88: dlp/2024/toy-story-aliens-june-2024/alien-as-mr-incredible-and-edna-mode
... A96: PHS-0014 | B96: 5 | C96: Snow White | D96: Snow White – Disney Princess pins (June 2024) | G96: N | I96: none | J96: candidate | K96: Low | L96: dlp/2024/disney-princess-june-2024/snow-white
A97: PHS-0015 | B97: 1 | C97: Judy Hopps; Stu Hopps | D97: Judy Hopps & Stu Hopps – Father's Day 2024 pin (Judy and Stu Hopps) | F97: 700 | G97: N | I97: none | J97: candidate | K97: Low | L97: dlp/2024/fathers-day-2024-judy-stu-hopps/judy-and-stu-hopps
A98: PHS-0016 | B98: 1 | C98: King of Hearts | D98: King of Hearts – Tinker Bell and King of Hearts pins (June 22) | G98: N | I98: none | J98: candidate | K98: Low | L98: dlp/2024/tinker-bell-king-of-hearts-june-2024/king-of-hearts
A99: PHS-0016 | B99: 2 | C99: Tinker Bell | D99: Tinker Bell – Tinker Bell and King of Hearts pins (June 22) | G99: N | I99: none | J99: candidate | K99: Low | L99: dlp/2024/tinker-bell-king-of-hearts-june-2024/tinker-bell
A100: PHS-0017 | B100: 1 | C100: Mickey Mouse | D100: Mickey Mouse – 2024 summer sports merchandise - Mickey gold medal pin | G100: N | I100: none | J100: candidate | K100: Medium | L100: dlp/2024/summer-games-2024-gold-medal-mickey/mickey-gold-medal-2024
A101: PHS-0018 | B101: 1 | D101: Chez Remy | G101: N | I101: none | J101: candidate | K101: Low | L101: dlp/2024/ratatouille-july-2024/chez-remy
A102: PHS-0019 | B102: 1 | C102: March Hare | D102: March Hare – March Hare LE 700 (July 2024) | G102: N | I102: none | J102: candidate | K102: Low | L102: dlp/2024/march-hare-le-700-july-2024/march-hare
A103: PHS-0020 | B103: 1 | C103: Belle | D103: Belle – Beauty and the Beast pins and lanyard (August 10) | G103: N | I103: none | J103: candidate | K103: Low | L103: dlp/2024/beauty-and-the-beast-august-2024/belle
A104: PHS-0020 | B104: 2 | C104: Cogsworth | D104: Cogsworth – Beauty and the Beast pins and lanyard (August 10) | G104: N | I104: none | J104: candidate | K104: Low | L104: dlp/2024/beauty-and-the-beast-august-2024/cogsworth
A105: PHS-0020 | B105: 3 | C105: Lumiere | D105: Lumiere – Beauty and the Beast pins and lanyard (August 10) | G105: N | I105: none | J105: candidate | K105: Low | L105: dlp/2024/beauty-and-the-beast-august-2024/lumiere
A106: PHS-0020 | B106: 4 | C106: Chip; Mrs. Potts | D106: Chip & Mrs. Potts – Beauty and the Beast pins and lanyard (August 10) | G106: N | I106: none | J106: candidate | K106: Low | L106: dlp/2024/beauty-and-the-beast-august-2024/mrs-potts-and-chip
A107: PHS-0021 | B107: 1 | C107: Chip; Dale | D107: Chip & Dale – Characters with balloons (August 17) | G107: N | I107: none | J107: candidate | K107: Low | L107: dlp/2024/balloons-august-2024/chip-and-dale
A108: PHS-0021 | B108: 2 | C108: Olaf | D108: Olaf – Characters with balloons (August 17) | G108: N | I108: none | J108: candidate | K108: Low | L108: dlp/2024/balloons-august-2024/olaf
A109: PHS-0021 | B109: 3 | C109: Pascal | D109: Pascal – Characters with balloons (August 17) | G109: N | I109: none | J109: candidate | K109: Medium | L109: dlp/2024/balloons-august-2024/pascal
A110: PHS-0021 | B110: 4 | C110: Stitch | D110: Stitch – Characters with balloons (August 17) | G110: N | I110: none | J110: candidate | K110: Low | L110: dlp/2024/balloons-august-2024/stitch
A111: PHS-0022 | B111: 1 | C111: Kuzco | D111: Kuzco – Pin Trading Time August 2024 surprise pins (The Emperor's New Groove) | F111: 400 | G111: N | I111: none | J111: candidate | K111: Medium | L111: dlp/2024/pin-trading-time-august-2024-emperors-new-groove/kuzco
A112: PHS-0023 | B112: 1 | C112: Miguel | D112: Miguel – Pin Trading Time August 2024 refresher pin (Miguel) | G112: N | I112: none | J112: candidate | K112: Low | L112: dlp/2024/pin-trading-time-august-2024-miguel-refresher/miguel
A113: PHS-0024 | B113: 1 | C113: Chip; Dale | D113: Chip & Dale – Halloween 2024 pins (Disneyland Paris) | G113: N | I113: none | J113: candidate | K113: Low | L113: dlp/2024/halloween-2024/chip-and-dale
A114: PHS-0024 | B114: 2 | C114: Lucifer | D114: Lucifer – Halloween 2024 pins (Disneyland Paris) | G114: N | I114: none | J114: candidate | K114: Low | L114: dlp/2024/halloween-2024/lucifer-on-broom
A115: PHS-0024 | B115: 3 | C115: Mickey Mouse | D115: Mickey Mouse – Halloween 2024 pins (Disneyland Paris) | G115: N | I115: none | J115: candidate | K115: Low | L115: dlp/2024/halloween-2024/mickey
A116: PHS-0024 | B116: 4 | C116: Pascal | D116: Pascal – Halloween 2024 pins (Disneyland Paris) | G116: N | I116: none | J116: candidate | K116: Low | L116: dlp/2024/halloween-2024/pascal-on-broom
A117: PHS-0024 | B117: 5 | C117: Stitch | D117: Stitch – Halloween 2024 pins (Disneyland Paris) | G117: N | I117: none | J117: candidate | K117: Low | L117: dlp/2024/halloween-2024/stitch-on-broom
A118: PHS-0025 | B118: 1 | C118: Mickey Mouse | D118: Mickey Mouse – LE 700 Mickey; Minnie with Daisy (September 14) | G118: N | I118: none | J118: candidate | K118: Low | L118: dlp/2024/le-700-mickey-minnie-daisy-september-2024/mickey
A119: PHS-0025 | B119: 2 | C119: Daisy Duck; Minnie Mouse | D119: Daisy Duck & Minnie Mouse – LE 700 Mickey; Minnie with Daisy (September 14) | G119: N | I119: none | J119: candidate | K119: Low | L119: dlp/2024/le-700-mickey-minnie-daisy-september-2024/minnie-with-daisy
A120: PHS-0026 | B120: 1 | C120: Tinker Bell | D120: TinkerBell 2024 autumn limited edition pin | G120: N | I120: none | J120: candidate | K120: Medium | L120: dlp/2024/tinker-bell-autumn-le-700/tinker-bell-autumn
A121: PHS-0027 | B121: 1 | C121: Belle; Gaston | D121: Gaston & Belle Pin | G121: N | I121: none | J121: candidate | K121: Medium | L121: dlp/2024/gaston-and-belle-le-november-2024/gaston-and-belle
A122: PHS-0028 | B122: 1 | C122: Berlioz; Toulouse | D122: Berlioz & Toulouse – The Aristocats open edition pins (November 16) | G122: N | I122: none | J122: candidate | K122: Low | L122: dlp/2024/aristocats-oe-november-2024/berlioz-and-toulouse
...

Sheet Evidence
A1: set_id | B1: source_url | C1: publisher | D1: source_class | E1: accessed_via | F1: fields_confirmed | G1: checked_by | H1: checked_at
A2: PHS-0001 | B2: https://www.disneystore.asia/my/disney-animated-cuties-mystery-2-piece-pin-blind-pack-438030755384.html | C2: disneystore.asia | D2: official | E2: search snippet / page
A3: PHS-0001 | B3: https://www.disneystore.com/disney-animated-cuties-mystery-pin-blind-pack-2-pc.-438030741301.html | C3: disneystore.com | D3: official | E3: search snippet / page
A4: PHS-0001 | B4: https://www.disneystore.eu/disney-animated-cuties-mystery-pin-set-438030755384.html | C4: disneystore.eu | D4: official | E4: search snippet / page
A5: PHS-0001 | B5: https://disneymouseketeer.com/disney-animated-cuties-mystery-pin-set-at-disney-store-disney-parks/ | C5: disneymouseketeer.com | D5: secondary | E5: search snippet / page
A6: PHS-0001 | B6: https://disneypinsblog.com/blogs/news/animated-cuties-mystery-pin-set-at-disney-parks | C6: disneypinsblog.com | D6: secondary | E6: search snippet / page
A7: PHS-0001 | B7: https://wdwnt.com/2026/01/animated-cuties-mystery-pin-box/ | C7: wdwnt.com | D7: secondary | E7: search snippet / page
A8: PHS-0002 | B8: https://disneypinsblog.com/blogs/news/animated-cuties-series-2-mystery-pin-set-at-disney-parks | C8: disneypinsblog.com | D8: secondary | E8: search snippet / page
A9: PHS-0002 | B9: https://www.threads.com/@disneypinsblog/post/DeS8m9FjKzi/new-animated-cuties-series-mystery-pin-set-at-disney-parks-open-edition-and-the/ | C9: threads.com | D9: secondary | E9: search snippet / page
A10: PHS-0003 | B10: https://www.disneystore.asia/hercules-limited-edition-pin-brush-of-magic-438010541600.html | C10: disneystore.asia | D10: official | E10: search snippet / page
A11: PHS-0003 | B11: https://www.disneystore.asia/maleficent-limited-edition-pin-sleeping-beauty-brush-of-magic-438010541112.html | C11: disneystore.asia | D11: official | E11: search snippet / page
A12: PHS-0003 | B12: https://www.disneystore.asia/sorcerer-mickey-mouse-limited-edition-pin-fantasia%C2%A0brush-of-magic-438010540955.html | C12: disneystore.asia | D12: official | E12: search snippet / page
A13: PHS-0003 | B13: https://www.disneystore.co.uk/marie-limited-edition-pin-the-aristocats-brush-of-magic-438010541945.html | C13: disneystore.co.uk | D13: official | E13: search snippet / page
... A765: PHS-0296 | B765: https://disneypinsblog.com/new-disney-pins-july-2026-week-1/ | C765: disneypinsblog.com | D765: secondary | E765: search snippet / page

Sheet Coverage
A1: sets by line x year (from Sets) | B1: 2020 | C1: 2021 | D1: 2022 | E1: 2023 | F1: 2024 | G1: 2025 | H1: 2026 | I1: total
A2: Disneyland Paris | B2: =COUNTIFS(Sets!$C:$C,$A2,Sets!$F:$F,2020) | C2: =COUNTIFS(Sets!$C:$C,$A2,Sets!$F:$F,2021) | D2: =COUNTIFS(Sets!$C:$C,$A2,Sets!$F:$F,2022) | E2: =COUNTIFS(Sets!$C:$C,$A2,Sets!$F:$F,2023) | F2: =COUNTIFS(Sets!$C:$C,$A2,Sets!$F:$F,2024) | G2: =COUNTIFS(Sets!$C:$C,$A2,Sets!$F:$F,2025) | H2: =COUNTIFS(Sets!$C:$C,$A2,Sets!$F:$F,2026) | I2: =SUM(B2:H2)
A3: Disney Store UK | B3: =COUNTIFS(Sets!$C:$C,$A3,Sets!$F:$F,2020) | C3: =COUNTIFS(Sets!$C:$C,$A3,Sets!$F:$F,2021) | D3: =COUNTIFS(Sets!$C:$C,$A3,Sets!$F:$F,2022) | E3: =COUNTIFS(Sets!$C:$C,$A3,Sets!$F:$F,2023) | F3: =COUNTIFS(Sets!$C:$C,$A3,Sets!$F:$F,2024) | G3: =COUNTIFS(Sets!$C:$C,$A3,Sets!$F:$F,2025) | H3: =COUNTIFS(Sets!$C:$C,$A3,Sets!$F:$F,2026) | I3: =SUM(B3:H3)
A4: Walt Disney World | B4: =COUNTIFS(Sets!$C:$C,$A4,Sets!$F:$F,2020) | C4: =COUNTIFS(Sets!$C:$C,$A4,Sets!$F:$F,2021) | D4: =COUNTIFS(Sets!$C:$C,$A4,Sets!$F:$F,2022) | E4: =COUNTIFS(Sets!$C:$C,$A4,Sets!$F:$F,2023) | F4: =COUNTIFS(Sets!$C:$C,$A4,Sets!$F:$F,2024) | G4: =COUNTIFS(Sets!$C:$C,$A4,Sets!$F:$F,2025) | H4: =COUNTIFS(Sets!$C:$C,$A4,Sets!$F:$F,2026) | I4: =SUM(B4:H4)
A5: Disneyland Resort | B5: =COUNTIFS(Sets!$C:$C,$A5,Sets!$F:$F,2020) | C5: =COUNTIFS(Sets!$C:$C,$A5,Sets!$F:$F,2021) | D5: =COUNTIFS(Sets!$C:$C,$A5,Sets!$F:$F,2022) | E5: =COUNTIFS(Sets!$C:$C,$A5,Sets!$F:$F,2023) | F5: =COUNTIFS(Sets!$C:$C,$A5,Sets!$F:$F,2024) | G5: =COUNTIFS(Sets!$C:$C,$A5,Sets!$F:$F,2025) | H5: =COUNTIFS(Sets!$C:$C,$A5,Sets!$F:$F,2026) | I5: =SUM(B5:H5)
A6: Brush Of Magic | B6: =COUNTIFS(Sets!$C:$C,$A6,Sets!$F:$F,2020) | C6: =COUNTIFS(Sets!$C:$C,$A6,Sets!$F:$F,2021) | D6: =COUNTIFS(Sets!$C:$C,$A6,Sets!$F:$F,2022) | E6: =COUNTIFS(Sets!$C:$C,$A6,Sets!$F:$F,2023) | F6: =COUNTIFS(Sets!$C:$C,$A6,Sets!$F:$F,2024) | G6: =COUNTIFS(Sets!$C:$C,$A6,Sets!$F:$F,2025) | H6: =COUNTIFS(Sets!$C:$C,$A6,Sets!$F:$F,2026) | I6: =SUM(B6:H6)
A7: Animated Cuties | B7: =COUNTIFS(Sets!$C:$C,$A7,Sets!$F:$F,2020) | C7: =COUNTIFS(Sets!$C:$C,$A7,Sets!$F:$F,2021) | D7: =COUNTIFS(Sets!$C:$C,$A7,Sets!$F:$F,2022) | E7: =COUNTIFS(Sets!$C:$C,$A7,Sets!$F:$F,2023) | F7: =COUNTIFS(Sets!$C:$C,$A7,Sets!$F:$F,2024) | G7: =COUNTIFS(Sets!$C:$C,$A7,Sets!$F:$F,2025) | H7: =COUNTIFS(Sets!$C:$C,$A7,Sets!$F:$F,2026) | I7: =SUM(B7:H7)
A9: pins found by line x year
A10: Disneyland Paris | B10: =SUMIFS(Sets!$R:$R,Sets!$C:$C,$A10,Sets!$F:$F,2020) | C10: =SUMIFS(Sets!$R:$R,Sets!$C:$C,$A10,Sets!$F:$F,2021) | D10: =SUMIFS(Sets!$R:$R,Sets!$C:$C,$A10,Sets!$F:$F,2022) | E10: =SUMIFS(Sets!$R:$R,Sets!$C:$C,$A10,Sets!$F:$F,2023) | F10: =SUMIFS(Sets!$R:$R,Sets!$C:$C,$A10,Sets!$F:$F,2024) | G10: =SUMIFS(Sets!$R:$R,Sets!$C:$C,$A10,Sets!$F:$F,2025) | H10: =SUMIFS(Sets!$R:$R,Sets!$C:$C,$A10,Sets!$F:$F,2026)
A11: Disney Store UK | B11: =SUMIFS(Sets!$R:$R,Sets!$C:$C,$A11,Sets!$F:$F,2020) | C11: =SUMIFS(Sets!$R:$R,Sets!$C:$C,$A11,Sets!$F:$F,2021) | D11: =SUMIFS(Sets!$R:$R,Sets!$C:$C,$A11,Sets!$F:$F,2022) | E11: =SUMIFS(Sets!$R:$R,Sets!$C:$C,$A11,Sets!$F:$F,2023) | F11: =SUMIFS(Sets!$R:$R,Sets!$C:$C,$A11,Sets!$F:$F,2024) | G11: =SUMIFS(Sets!$R:$R,Sets!$C:$C,$A11,Sets!$F:$F,2025) | H11: =SUMIFS(Sets!$R:$R,Sets!$C:$C,$A11,Sets!$F:$F,2026)
A12: Walt Disney World | B12: =SUMIFS(Sets!$R:$R,Sets!$C:$C,$A12,Sets!$F:$F,2020) | C12: =SUMIFS(Sets!$R:$R,Sets!$C:$C,$A12,Sets!$F:$F,2021) | D12: =SUMIFS(Sets!$R:$R,Sets!$C:$C,$A12,Sets!$F:$F,2022) | E12: =SUMIFS(Sets!$R:$R,Sets!$C:$C,$A12,Sets!$F:$F,2023) | F12: =SUMIFS(Sets!$R:$R,Sets!$C:$C,$A12,Sets!$F:$F,2024) | G12: =SUMIFS(Sets!$R:$R,Sets!$C:$C,$A12,Sets!$F:$F,2025) | H12: =SUMIFS(Sets!$R:$R,Sets!$C:$C,$A12,Sets!$F:$F,2026)
A13: Disneyland Resort | B13: =SUMIFS(Sets!$R:$R,Sets!$C:$C,$A13,Sets!$F:$F,2020) | C13: =SUMIFS(Sets!$R:$R,Sets!$C:$C,$A13,Sets!$F:$F,2021) | D13: =SUMIFS(Sets!$R:$R,Sets!$C:$C,$A13,Sets!$F:$F,2022) | E13: =SUMIFS(Sets!$R:$R,Sets!$C:$C,$A13,Sets!$F:$F,2023) | F13: =SUMIFS(Sets!$R:$R,Sets!$C:$C,$A13,Sets!$F:$F,2024) | G13: =SUMIFS(Sets!$R:$R,Sets!$C:$C,$A13,Sets!$F:$F,2025) | H13: =SUMIFS(Sets!$R:$R,Sets!$C:$C,$A13,Sets!$F:$F,2026)
A14: Brush Of Magic | B14: =SUMIFS(Sets!$R:$R,Sets!$C:$C,$A14,Sets!$F:$F,2020) | C14: =SUMIFS(Sets!$R:$R,Sets!$C:$C,$A14,Sets!$F:$F,2021) | D14: =SUMIFS(Sets!$R:$R,Sets!$C:$C,$A14,Sets!$F:$F,2022) | E14: =SUMIFS(Sets!$R:$R,Sets!$C:$C,$A14,Sets!$F:$F,2023) | F14: =SUMIFS(Sets!$R:$R,Sets!$C:$C,$A14,Sets!$F:$F,2024) | G14: =SUMIFS(Sets!$R:$R,Sets!$C:$C,$A14,Sets!$F:$F,2025) | H14: =SUMIFS(Sets!$R:$R,Sets!$C:$C,$A14,Sets!$F:$F,2026)
A15: Animated Cuties | B15: =SUMIFS(Sets!$R:$R,Sets!$C:$C,$A15,Sets!$F:$F,2020) | C15: =SUMIFS(Sets!$R:$R,Sets!$C:$C,$A15,Sets!$F:$F,2021) | D15: =SUMIFS(Sets!$R:$R,Sets!$C:$C,$A15,Sets!$F:$F,2022) | E15: =SUMIFS(Sets!$R:$R,Sets!$C:$C,$A15,Sets!$F:$F,2023) | F15: =SUMIFS(Sets!$R:$R,Sets!$C:$C,$A15,Sets!$F:$F,2024) | G15: =SUMIFS(Sets!$R:$R,Sets!$C:$C,$A15,Sets!$F:$F,2025) | H15: =SUMIFS(Sets!$R:$R,Sets!$C:$C,$A15,Sets!$F:$F,2026)

Sheet Lookups
A1: line / origin | B1: format | C1: status | D1: source_class | E1: image_status
A2: Disneyland Paris | B2: single pin | C2: discovered | D2: official | E2: none
A3: Disney Store UK | B3: boxed set | C3: evidenced | D3: licensee | E3: own photo
A4: Disney Store EU | B4: booster | C4: evidenced (held) | D4: news | E4: contributor photo (licensed)
A5: shopDisney US | B5: mystery box/pouch | C5: checked | D5: fan | E5: official link only (no copy)
A6: Walt Disney World | B6: starter set | C6: approved | D6: fan database (discovery only) | E6: licensed feed image
A7: Disneyland Resort | B7: lanyard set | C7: imported | D7: own photo | E7: do not use
A8: Tokyo Disney Resort | B8: jumbo | C8: rejected
A9: Shanghai Disney Resort | B9: event set
A10: Hong Kong Disneyland | B10: advent calendar
A11: Loungefly
A12: Artland
A13: Other licensee
